,priceoff,quantity,Address,upc,zip_code,storeAddress,Store_Latitude,Store_Longitude
0,50% off,Limited Stock,"1020 Broad St Philadelphia, PA",190198000000,19146,1020+Broad+St+Philadelphia+PA+19146,39.9382644,-75.167341
1,50% off,Limited Stock,"1128 CHESTNUT ST Philadelphia, PA",190198000000,19107,1128+CHESTNUT+ST+Philadelphia+PA+19107,39.9499352,-75.1599648
2,50% off,Out of Stock,"800 Christiana Mall Newark, DE",190198000000,19702,800+Christiana+Mall+Newark+DE+19702,39.6782901,-75.650001
3,50% off,Out of Stock,"1050 Brandywine Pkwy Wilmington, DE",190198000000,19803,1050+Brandywine+Pkwy+Wilmington+DE+19803,39.8311059,-75.540419
4,50% off,Out of Stock,"600 Hatton Dr Glen Mills, PA",190198000000,19342,600+Hatton+Dr+Glen+Mills+PA+19342,39.8804646,-75.527488
5,50% off,In Stock,"1200 Baltimore Pike Springfield, PA",190198000000,19064,1200+Baltimore+Pike+Springfield+PA+19064,39.9152213,-75.3500623
6,50% off,In Stock,"857 Baltimore Pike Springfield, PA",190198000000,19064,857+Baltimore+Pike+Springfield+PA+19064,39.9150729,-75.3347068
7,50% off,In Stock,"201 Sunrise Blvd Exton, PA",190198000000,19341,201+Sunrise+Blvd+Exton+PA+19341,40.0391607,-75.6286283
8,50% off,In Stock,"455 Carnegie Blvd Malvern, PA",190198000000,19355,455+Carnegie+Blvd+Malvern+PA+19355,40.0487055,-75.520573
9,50% off,In Stock,"180 Eagleview Blvd Exton, PA",190198000000,19341,180+Eagleview+Blvd+Exton+PA+19341,40.0520386,-75.6660871
10,50% off,In Stock,"675 Woodbury Glassboro Rd Sewell, NJ",190198000000,8080,675+Woodbury+Glassboro+Rd+Sewell+NJ+08080,39.7645878,-75.1313698
11,50% off,In Stock,"1 Mifflin St Philadelphia, PA",190198000000,19148,1+Mifflin+St+Philadelphia+PA+19148,39.9244293,-75.1459644
12,50% off,In Stock,"1900 Deptford Center Rd Deptford, NJ",190198000000,8096,1900+Deptford+Center+Rd+Deptford+NJ+08096,39.8301763,-75.0912278
13,50% off,In Stock,"4000 Monument Rd Philadelphia, PA",190198000000,19131,4000+Monument+Rd+Philadelphia+PA+19131,40.007232,-75.2128033
14,50% off,In Stock,"160 W Dekalb Pike King of Prussia, PA",190198000000,19406,160+W+Dekalb+Pike+King+of+Prussia+PA+19406,40.0954635,-75.3661764
15,50% off,In Stock,"200 Mill Road Phoenixville, PA",190198000000,19460,200+Mill+Road+Phoenixville+PA+19460,40.1308593,-75.4539543
16,25% off,In Stock,"704 W Lancaster Ave Wayne, PA",190198000000,19087,704+W+Lancaster+Ave+Wayne+PA+19087,40.0454165,-75.4087969
17,25% off,In Stock,"1900 CHESTNUT ST Philadelphia, PA",190198000000,19103,1900+CHESTNUT+ST+Philadelphia+PA+19103,39.9516748,-75.172254
18,25% off,In Stock,"2001 Pennsylvania Ave Philadelphia, PA",190198000000,19130,2001+Pennsylvania+Ave+Philadelphia+PA+19130,39.9616047,-75.1726872
19,25% off,In Stock,"456 N 5th St Philadelphia, PA",190198000000,19123,456+N+5th+St+Philadelphia+PA+19123,39.9606101,-75.1476062
20,50% off,Limited Stock,"4001 Black Horse Pike Turnersville, NJ",190198000000,8012,4001+Black+Horse+Pike+Turnersville+NJ+08012,39.7327433,-75.0397582
21,50% off,Limited Stock,"403 Constant Friendship Blvd Abingdon, MD",190198000000,21009,403+Constant+Friendship+Blvd+Abingdon+MD+21009,39.4597357,-76.3165092
22,50% off,In Stock,"148 John Hunn Brown Rd Dover, DE",190198000000,19901,148+John+Hunn+Brown+Rd+Dover+DE+19901,39.1599477,-75.5107459
23,50% off,In Stock,"2100 N 2nd St Millville, NJ",190198000000,8332,2100+N+2nd+St+Millville+NJ+08332,39.4201084,-75.0404884
24,50% off,In Stock,"28539 Marlboro Ave Easton, MD",190198000000,21601,28539+Marlboro+Ave+Easton+MD+21601,38.7818476,-76.0870499
25,50% off,In Stock,"487 Cross Keys Rd Sicklerville, NJ",190198000000,8081,487+Cross+Keys+Rd+Sicklerville+NJ+08081,39.7473118,-74.9948457
26,50% off,In Stock,"580 Marketplace Dr Bel Air, MD",190198000000,21014,580+Marketplace+Dr+Bel+Air+MD+21014,39.5257475,-76.3508851
27,50% off,In Stock,"380 Consumer Sq Mays Landing, NJ",190198000000,8330,380+Consumer+Sq+Mays+Landing+NJ+08330,39.4513134,-74.6338215
28,50% off,In Stock,"1330 Martin Blvd Middle River, MD",190198000000,21220,1330+Martin+Blvd+Middle+River+MD+21220,39.3350921,-76.448376
29,50% off,In Stock,"5230 Campbell Blvd Nottingham, MD",190198000000,21236,5230+Campbell+Blvd+Nottingham+MD+21236,39.3711591,-76.4514074
30,50% off,In Stock,"1139 White Horse Rd Voorhees, NJ",190198000000,8043,1139+White+Horse+Rd+Voorhees+NJ+08043,39.8503623,-74.9839159
31,25% off,In Stock,"1025 Middleton Rd Aberdeen, MD",190198000000,21001,1025+Middleton+Rd+Aberdeen+MD+21001,39.5206164,-76.178555
32,25% off,In Stock,"125 E North Pointe Dr Salisbury, MD",190198000000,21804,125+E+North+Pointe+Dr+Salisbury+MD+21804,38.4154636,-75.559728
33,50% off,In Stock,"3100 14th St NW Washington, DC",190198000000,20010,3100+14th+St+NW+Washington+DC+20010,38.9295555,-77.0332379
34,50% off,In Stock,"3505 Connecticut Ave NW Washington, DC",190198000000,20008,3505+Connecticut+Ave+NW+Washington+DC+20008,38.9358456,-77.0580213
35,50% off,In Stock,"3500 East West Hwy Ste 1200 Hyattsville, MD",190198000000,20782,3500+East+West+Hwy+Ste+1200+Hyattsville+MD+20782,38.9685305,-76.9551242
36,25% off,In Stock,"1346 E 53rd St Chicago, IL",190198000000,60615,1346+E+53rd+St+Chicago+IL+60615,41.7997378,-87.59352
37,50% off,In Stock,"7828 Georgia Ave NW Washington, DC",190198000000,20012,7828+Georgia+Ave+NW+Washington+DC+20012,38.9844847,-77.0269171
38,25% off,In Stock,"7501 Baltimore Ave College Park, MD",190198000000,20740,7501+Baltimore+Ave+College+Park+MD+20740,38.9824509,-76.9371325
39,50% off,In Stock,"3101 Richmond Hwy Alexandria, VA",190198000000,22305,3101+Richmond+Hwy+Alexandria+VA+22305,38.8343895,-77.0494303
40,25% off,In Stock,"6831 Wisconsin Ave Bethesda, MD",190198000000,20815,6831+Wisconsin+Ave+Bethesda+MD+20815,38.978257,-77.0905313
41,50% off,In Stock,"6100 Greenbelt Rd Greenbelt, MD",190198000000,20770,6100+Greenbelt+Rd+Greenbelt+MD+20770,38.9993829,-76.9078611
42,50% off,In Stock,"3101 Donnell Dr District Heights, MD",190198000000,20747,3101+Donnell+Dr+District+Heights+MD+20747,38.8491227,-76.8870489
43,50% off,In Stock,"5115 Leesburg Pike Falls Church, VA",190198000000,22041,5115+Leesburg+Pike+Falls+Church+VA+22041,38.8444863,-77.1187632
44,50% off,In Stock,"6100 Arlington Blvd Falls Church, VA",190198000000,22044,6100+Arlington+Blvd+Falls+Church+VA+22044,38.8681122,-77.1420097
45,50% off,In Stock,"11160 Veirs Mill Rd Silver Spring, MD",190198000000,20902,11160+Veirs+Mill+Rd+Silver+Spring+MD+20902,39.0368361,-77.0548273
46,50% off,In Stock,"10500 Campus Way S Upper Marlboro, MD",190198000000,20774,10500+Campus+Way+S+Upper+Marlboro+MD+20774,38.8962324,-76.8272268
47,50% off,In Stock,"10401 Martin Luther King Jr Hwy Bowie, MD",190198000000,20720,10401+Martin+Luther+King+Jr+Hwy+Bowie+MD+20720,38.9534003,-76.825064
48,50% off,In Stock,"12000 Cherry Hill Rd Silver Spring, MD",190198000000,20904,12000+Cherry+Hill+Rd+Silver+Spring+MD+20904,39.0515481,-76.9567446
49,25% off,In Stock,"500 S. Washington St Falls Church, VA",190198000000,22046,500+S.+Washington+St+Falls+Church+VA+22046,38.8798176,-77.177723
50,50% off,In Stock,"6600 Richmond Hwy Alexandria, VA",190198000000,22306,6600+Richmond+Hwy+Alexandria+VA+22306,38.7754397,-77.0828878
51,50% off,In Stock,"5700 Bou Ave Rockville, MD",190198000000,20852,5700+Bou+Ave+Rockville+MD+20852,39.0560695,-77.1148974
52,50% off,In Stock,"2905 District Ave S Fairfax, VA",190198000000,22031,2905+District+Ave+S+Fairfax+VA+22031,38.8730895,-77.2295126
53,25% off,In Stock,"250 NW 13th St Gainesville, FL",190198000000,32601,250+NW+13th+St+Gainesville+FL+32601,29.6536033,-82.3400178
54,50% off,In Stock,"3970 SW Archer Rd Gainesville, FL",190198000000,32608,3970+SW+Archer+Rd+Gainesville+FL+32608,29.6215071,-82.3843422
55,50% off,In Stock,"9525 Crosshill Blvd Jacksonville, FL",190198000000,32222,9525+Crosshill+Blvd+Jacksonville+FL+32222,30.196381,-81.824266
56,25% off,In Stock,"1490 County Rd 220 Orange Park, FL",190198000000,32003,1490+County+Rd+220+Orange+Park+FL+32003,30.1043852,-81.7080064
57,50% off,In Stock,"6331 Roosevelt Blvd Jacksonville, FL",190198000000,32244,6331+Roosevelt+Blvd+Jacksonville+FL+32244,30.2354031,-81.6943881
58,50% off,In Stock,"10490 San Jose Blvd Jacksonville, FL",190198000000,32257,10490+San+Jose+Blvd+Jacksonville+FL+32257,30.1881625,-81.6297956
59,25% off,In Stock,"1815 Norman Dr Valdosta, GA",190198000000,31601,1815+Norman+Dr+Valdosta+GA+31601,30.8431284,-83.3159716
60,50% off,In Stock,"9041 Southside Blvd Jacksonville, FL",190198000000,32256,9041+Southside+Blvd+Jacksonville+FL+32256,30.1934991,-81.5496912
61,25% off,Out of Stock,"444 Monument Rd Jacksonville, FL",190198000000,32225,444+Monument+Rd+Jacksonville+FL+32225,30.3294766,-81.5481767
62,50% off,Out of Stock,"4567 River City Dr Jacksonville, FL",190198000000,32246,4567+River+City+Dr+Jacksonville+FL+32246,30.260905,-81.524412
63,50% off,Out of Stock,"13740 Beach Blvd Jacksonville, FL",190198000000,32224,13740+Beach+Blvd+Jacksonville+FL+32224,30.2860411,-81.4566786
64,25% off,Out of Stock,"463737 State Rd 200 Yulee, FL",190198000000,32097,463737+State+Rd+200+Yulee+FL+32097,30.6303019,-81.5533009
65,50% off,Out of Stock,"2000 SW College Rd Ocala, FL",190198000000,34471,2000+SW+College+Rd+Ocala+FL+34471,29.1741831,-82.1565751
66,50% off,Out of Stock,"490 Marsh Landing Pkwy Jacksonville Beach, FL",190198000000,32250,490+Marsh+Landing+Pkwy+Jacksonville+Beach+FL+32250,30.2533467,-81.3902886
67,50% off,Out of Stock,"1440 US Hwy 1 S Saint Augustine, FL",190198000000,32084,1440+US+Hwy+1+S+Saint+Augustine+FL+32084,29.876249,-81.3222115
68,25% off,Out of Stock,"716 N US Highway 441 The Villages, FL",190198000000,32159,716+N+US+Highway+441+The+Villages+FL+32159,28.9333282,-81.9405488
69,50% off,Out of Stock,"5100 E Highway 100 Palm Coast, FL",190198000000,32164,5100+E+Highway+100+Palm+Coast+FL+32164,29.4778571,-81.2190077
70,50% off,Out of Stock,"2120 Apalachee Pkwy Tallahassee, FL",190198000000,32301,2120+Apalachee+Pkwy+Tallahassee+FL+32301,30.4331293,-84.244508
71,50% off,Out of Stock,"3700 Bradfordville Rd Tallahassee, FL",190198000000,32309,3700+Bradfordville+Rd+Tallahassee+FL+32309,30.5610264,-84.2148498
72,50% off,Out of Stock,"200 Glynn Isle Brunswick, GA",190198000000,31525,200+Glynn+Isle+Brunswick+GA+31525,31.201287,-81.479837
73,50% off,Limited Stock,"5800 20th St Vero Beach, FL",190198000000,32966,5800+20th+St+Vero+Beach+FL+32966,27.6407815,-80.4477337
74,50% off,Limited Stock,"886 W State Road 436 Altamonte Springs, FL",190198000000,32714,886+W+State+Road+436+Altamonte+Springs+FL+32714,28.6623843,-81.41801
75,50% off,Out of Stock,"250 Crockett Blvd Merritt Island, FL",190198000000,32953,250+Crockett+Blvd+Merritt+Island+FL+32953,28.3862608,-80.705155
76,50% off,Out of Stock,"8455 N Wickham Rd Melbourne, FL",190198000000,32940,8455+N+Wickham+Rd+Melbourne+FL+32940,28.2277913,-80.7198825
77,50% off,Out of Stock,"3055 Columbia Blvd Titusville, FL",190198000000,32780,3055+Columbia+Blvd+Titusville+FL+32780,28.551259,-80.8414114
78,50% off,Out of Stock,"325 N Alafaya Trl Orlando, FL",190198000000,32828,325+N+Alafaya+Trl+Orlando+FL+32828,28.5516528,-81.2017897
79,50% off,Out of Stock,"820 Oviedo Mall Blvd Oviedo, FL",190198000000,32765,820+Oviedo+Mall+Blvd+Oviedo+FL+32765,28.6575394,-81.235081
80,50% off,Out of Stock,"3770 N Goldenrod Rd Winter Park, FL",190198000000,32792,3770+N+Goldenrod+Rd+Winter+Park+FL+32792,28.5948493,-81.2878411
81,50% off,Out of Stock,"718 Maguire Blvd Orlando, FL",190198000000,32803,718+Maguire+Blvd+Orlando+FL+32803,28.5556661,-81.3450764
82,50% off,Out of Stock,"120 W Grant St Orlando, FL",190198000000,32806,120+W+Grant+St+Orlando+FL+32806,28.5156994,-81.3800952
83,50% off,Out of Stock,"2155 Town Center Blvd Orlando, FL",190198000000,32837,2155+Town+Center+Blvd+Orlando+FL+32837,28.3702079,-81.407636
84,50% off,Out of Stock,"4410 S Highway 17 92 Casselberry, FL",190198000000,32707,4410+S+Highway+17+92+Casselberry+FL+32707,28.6715157,-81.3409728
85,50% off,Out of Stock,"4750 Millenia Plaza Way Orlando, FL",190198000000,32839,4750+Millenia+Plaza+Way+Orlando+FL+32839,28.4932073,-81.4308171
86,50% off,Out of Stock,"4795 W Irlo Bronson Memorial Hwy Kissimmee, FL",190198000000,34746,4795+W+Irlo+Bronson+Memorial+Hwy+Kissimmee+FL+34746,28.3319906,-81.4713239
87,50% off,Out of Stock,"1201 WP Ball Blvd Sanford, FL",190198000000,32771,1201+WP+Ball+Blvd+Sanford+FL+32771,28.797932,-81.3367906
88,50% off,Out of Stock,"2575 Enterprise Rd Orange City, FL",190198000000,32763,2575+Enterprise+Rd+Orange+City+FL+32763,28.9164677,-81.2923131
89,25% off,Out of Stock,"2750 W New Haven Ave Melbourne Village, FL",190198000000,32904,2750+W+New+Haven+Ave+Melbourne+Village+FL+32904,28.0805959,-80.6654641
90,25% off,Out of Stock,"4305 Norfolk Pkwy Melbourne, FL",190198000000,32904,4305+Norfolk+Pkwy+Melbourne+FL+32904,28.0384175,-80.6607476
91,25% off,Out of Stock,"880 Sand Lake Rd Orlando, FL",190198000000,32809,880+Sand+Lake+Rd+Orlando+FL+32809,28.4495914,-81.3911475
92,25% off,Out of Stock,"4155 W Lake Mary Blvd Lake Mary, FL",190198000000,32746,4155+W+Lake+Mary+Blvd+Lake+Mary+FL+32746,28.7543383,-81.3497385
93,50% off,Limited Stock,"8201 Federated West Roadway Plantation, FL",190198000000,33324,8201+Federated+West+Roadway+Plantation+FL+33324,26.1176122,-80.2587905
94,50% off,Limited Stock,"5900 State Rd 7 Lake Worth, FL",190198000000,33449,5900+State+Rd+7+Lake+Worth+FL+33449,26.5928806,-80.2023259
95,50% off,Limited Stock,"16901 Miramar Pkwy Miramar, FL",190198000000,33027,16901+Miramar+Pkwy+Miramar+FL+33027,25.9807775,-80.3719545
96,50% off,Out of Stock,"4400 N State Rd 7 Coral Springs, FL",190198000000,33073,4400+N+State+Rd+7+Coral+Springs+FL+33073,26.1808068,-80.2030026
97,50% off,Out of Stock,"3599 W Hillsboro Blvd Deerfield Beach, FL",190198000000,33442,3599+W+Hillsboro+Blvd+Deerfield+Beach+FL+33442,26.3199681,-80.1510572
98,50% off,Out of Stock,"7730 W Commercial Blvd Lauderhill, FL",190198000000,33351,7730+W+Commercial+Blvd+Lauderhill+FL+33351,26.1910894,-80.2535485
99,50% off,Out of Stock,"1200 S Federal Hwy Deerfield Beach, FL",190198000000,33441,1200+S+Federal+Hwy+Deerfield+Beach+FL+33441,26.3013764,-80.0929907
100,50% off,Out of Stock,"12801 W Sunrise Blvd Sunrise, FL",190198000000,33323,12801+W+Sunrise+Blvd+Sunrise+FL+33323,26.1491963,-80.324785
101,50% off,Out of Stock,"3200 N Federal Hwy Fort Lauderdale, FL",190198000000,33306,3200+N+Federal+Hwy+Fort+Lauderdale+FL+33306,26.168998,-80.1158046
102,50% off,Out of Stock,"1200 Linton Blvd Delray Beach, FL",190198000000,33444,1200+Linton+Blvd+Delray+Beach+FL+33444,26.4369647,-80.0850952
103,50% off,Out of Stock,"5800 S University Dr Davie, FL",190198000000,33328,5800+S+University+Dr+Davie+FL+33328,26.0469738,-80.2482498
104,50% off,Out of Stock,"10201 Hagen Ranch Rd Boynton Beach, FL",190198000000,33437,10201+Hagen+Ranch+Rd+Boynton+Beach+FL+33437,26.5254035,-80.1657086
105,50% off,Out of Stock,"11253 Pines Blvd Pembroke Pines, FL",190198000000,33026,11253+Pines+Blvd+Pembroke+Pines+FL+33026,26.0095264,-80.2988505
106,50% off,Out of Stock,"3251 Hollywood Blvd Hollywood, FL",190198000000,33021,3251+Hollywood+Blvd+Hollywood+FL+33021,26.0126567,-80.1737008
107,50% off,Out of Stock,"650 N Congress Ave Boynton Beach, FL",190198000000,33426,650+N+Congress+Ave+Boynton+Beach+FL+33426,26.5334903,-80.0878883
108,50% off,Out of Stock,"21265 Biscayne Blvd Aventura, FL",190198000000,33180,21265+Biscayne+Blvd+Aventura+FL+33180,25.9716938,-80.1402415
109,25% off,Out of Stock,"5900 Lake Worth Rd Greenacres, FL",190198000000,33463,5900+Lake+Worth+Rd+Greenacres+FL+33463,26.6179012,-80.1371012
110,25% off,Out of Stock,"5601 NW 183rd St Miami Gardens, FL",190198000000,33055,5601+NW+183rd+St+Miami+Gardens+FL+33055,25.9401941,-80.2904917
111,50% off,Limited Stock,"15880 San Carlos Blvd Fort Myers, FL",190198000000,33908,15880+San+Carlos+Blvd+Fort+Myers+FL+33908,26.5097326,-81.9451276
112,50% off,Limited Stock,"3625 W Gandy Blvd Tampa, FL",190198000000,33611,3625+W+Gandy+Blvd+Tampa+FL+33611,27.8951569,-82.505222
113,50% off,Out of Stock,"1890 NE Pine Island Rd Cape Coral, FL",190198000000,33909,1890+NE+Pine+Island+Rd+Cape+Coral+FL+33909,26.6689927,-81.9328507
114,50% off,Out of Stock,"2430 Santa Barbara Blvd Cape Coral, FL",190198000000,33914,2430+Santa+Barbara+Blvd+Cape+Coral+FL+33914,26.6068666,-81.9771386
115,50% off,Out of Stock,"13711 S Tamiami Trl Fort Myers, FL",190198000000,33912,13711+S+Tamiami+Trl+Fort+Myers+FL+33912,26.5438756,-81.8695905
116,50% off,Out of Stock,"10000 Gulf Center Dr Fort Myers, FL",190198000000,33913,10000+Gulf+Center+Dr+Fort+Myers+FL+33913,26.4831387,-81.7870751
117,50% off,Out of Stock,"8040 Mediterranean Dr Estero, FL",190198000000,33928,8040+Mediterranean+Dr+Estero+FL+33928,26.4066905,-81.8059054
118,50% off,Out of Stock,"2415 Tarpon Bay Blvd Naples, FL",190198000000,34119,2415+Tarpon+Bay+Blvd+Naples+FL+34119,26.2701935,-81.7399005
119,50% off,Out of Stock,"2324 Pine Ridge Rd Naples, FL",190198000000,34109,2324+Pine+Ridge+Rd+Naples+FL+34109,26.2090335,-81.7712607
120,50% off,Out of Stock,"5350 Fruitville Rd Sarasota, FL",190198000000,34232,5350+Fruitville+Rd+Sarasota+FL+34232,27.3361561,-82.4625827
121,50% off,Out of Stock,"101 N Cattlemen Rd Sarasota, FL",190198000000,34243,101+N+Cattlemen+Rd+Sarasota+FL+34243,27.3867786,-82.458551
122,25% off,Out of Stock,"9350 Dynasty Dr Fort Myers, FL",190198000000,33905,9350+Dynasty+Dr+Fort+Myers+FL+33905,26.6169564,-81.7989494
123,50% off,Out of Stock,"10150 Bloomingdale Ave Riverview, FL",190198000000,33578,10150+Bloomingdale+Ave+Riverview+FL+33578,27.8958915,-82.3334947
124,50% off,Out of Stock,"187 Brandon Town Center Dr Brandon, FL",190198000000,33511,187+Brandon+Town+Center+Dr+Brandon+FL+33511,27.9360867,-82.3233147
125,50% off,Out of Stock,"3570 Harden Blvd Lakeland, FL",190198000000,33803,3570+Harden+Blvd+Lakeland+FL+33803,27.999721,-81.9724013
126,50% off,Out of Stock,"8151 Dr Martin Luther King St N Saint Petersburg, FL",190198000000,33702,8151+Dr+Martin+Luther+King+St+N+Saint+Petersburg+FL+33702,27.8462942,-82.6436922
127,25% off,Out of Stock,"1400A Tamiami Trl Port Charlotte, FL",190198000000,33948,1400A+Tamiami+Trl+Port+Charlotte+FL+33948,27.0124752,-82.1415714
128,25% off,Out of Stock,"4271 Tamiami Trl S Venice, FL",190198000000,34293,4271+Tamiami+Trl+S+Venice+FL+34293,27.0522673,-82.3910975
129,25% off,Out of Stock,"8401 S Tamiami Trl Sarasota, FL",190198000000,34238,8401+S+Tamiami+Trl+Sarasota+FL+34238,27.2285863,-82.4927037
130,25% off,Out of Stock,"6150 14th St W Bradenton, FL",190198000000,34207,6150+14th+St+W+Bradenton+FL+34207,27.4316522,-82.5781737
131,50% off,Out of Stock,"7150 US 19 N Pinellas Park, FL",190198000000,33781,7150+US+19+N+Pinellas+Park+FL+33781,27.8363143,-82.6842888
132,50% off,Out of Stock,"4450 Park St N Saint Petersburg, FL",190198000000,33709,4450+Park+St+N+Saint+Petersburg+FL+33709,27.8120778,-82.7564461
133,50% off,Out of Stock,"10500 Ulmerton Rd Largo, FL",190198000000,33771,10500+Ulmerton+Rd+Largo+FL+33771,27.8930117,-82.7847344
134,50% off,Out of Stock,"1544 N Dale Mabry Hwy Tampa, FL",190198000000,33607,1544+N+Dale+Mabry+Hwy+Tampa+FL+33607,27.9565652,-82.5087347
135,50% off,Out of Stock,"2747 Gulf To Bay Blvd Clearwater, FL",190198000000,33759,2747+Gulf+To+Bay+Blvd+Clearwater+FL+33759,27.9585891,-82.7240926
136,50% off,Out of Stock,"11627 W Hillsborough Ave Tampa, FL",190198000000,33635,11627+W+Hillsborough+Ave+Tampa+FL+33635,28.016204,-82.6127331
137,50% off,Out of Stock,"900 E Lake Rd Palm Harbor, FL",190198000000,34685,900+E+Lake+Rd+Palm+Harbor+FL+34685,28.0634006,-82.7076828
138,50% off,Out of Stock,"15240 N Dale Mabry Hwy Tampa, FL",190198000000,33618,15240+N+Dale+Mabry+Hwy+Tampa+FL+33618,28.0891267,-82.5052781
139,25% off,Out of Stock,"6295 W Waters Ave Tampa, FL",190198000000,33634,6295+W+Waters+Ave+Tampa+FL+33634,28.0281721,-82.5488493
140,25% off,Out of Stock,"13658 University Plaza St Tampa, FL",190198000000,33613,13658+University+Plaza+St+Tampa+FL+33613,28.0720124,-82.4278292
141,50% off,Limited Stock,"531 Brookwood Village Homewood, AL",190198000000,35209,531+Brookwood+Village+Homewood+AL+35209,33.467142,-86.7750998
142,50% off,Out of Stock,"4616 Highway 280 Birmingham, AL",190198000000,35242,4616+Highway+280+Birmingham+AL+35242,33.425259,-86.7125552
143,50% off,Out of Stock,"5561 Grove Blvd Birmingham, AL",190198000000,35226,5561+Grove+Blvd+Birmingham+AL+35226,33.3616601,-86.8532462
144,50% off,Out of Stock,"1654 Gadsden Hwy Birmingham, AL",190198000000,35235,1654+Gadsden+Hwy+Birmingham+AL+35235,33.6054494,-86.6376483
145,50% off,Out of Stock,"1901 13th Ave E Tuscaloosa, AL",190198000000,35404,1901+13th+Ave+E+Tuscaloosa+AL+35404,33.1923759,-87.5182551
146,50% off,Out of Stock,"400 Oxford Exchange Blvd Oxford, AL",190198000000,36203,400+Oxford+Exchange+Blvd+Oxford+AL+36203,33.6086959,-85.7820399
147,50% off,Out of Stock,"1235 Point Mallard Pkwy SE Decatur, AL",190198000000,35601,1235+Point+Mallard+Pkwy+SE+Decatur+AL+35601,34.558799,-86.9702781
148,25% off,Out of Stock,"3489 Lowery Pkwy Fultondale, AL",190198000000,35068,3489+Lowery+Pkwy+Fultondale+AL+35068,33.6060399,-86.8055573
149,50% off,Out of Stock,"2750 Carl T Jones Dr SE Huntsville, AL",190198000000,35802,2750+Carl+T+Jones+Dr+SE+Huntsville+AL+35802,34.674648,-86.5443483
150,50% off,Out of Stock,"6275 University Dr NW Huntsville, AL",190198000000,35806,6275+University+Dr+NW+Huntsville+AL+35806,34.7429562,-86.6820206
151,50% off,Out of Stock,"8207 HIGHWAY 72 W Madison, AL",190198000000,35758,8207+HIGHWAY+72+W+Madison+AL+35758,34.7488201,-86.7562505
152,25% off,Out of Stock,"4889 Promenade Pkwy Bessemer, AL",190198000000,35022,4889+Promenade+Pkwy+Bessemer+AL+35022,33.3345501,-86.9897779
153,50% off,Out of Stock,"2576 Berryhill Rd Montgomery, AL",190198000000,36117,2576+Berryhill+Rd+Montgomery+AL+36117,32.3606937,-86.1600739
154,25% off,Out of Stock,"250 S Colonial Dr Alabaster, AL",190198000000,35007,250+S+Colonial+Dr+Alabaster+AL+35007,33.2241982,-86.8042707
155,25% off,Out of Stock,"2754 Legends Pkwy Prattville, AL",190198000000,36066,2754+Legends+Pkwy+Prattville+AL+36066,32.4578499,-86.3972395
156,25% off,Out of Stock,"1129 S Park St Carrollton, GA",190198000000,30117,1129+S+Park+St+Carrollton+GA+30117,33.5585988,-85.0770774
157,50% off,Out of Stock,"372 Cox Creek Pkwy Florence, AL",190198000000,35630,372+Cox+Creek+Pkwy+Florence+AL+35630,34.8420853,-87.6339077
158,50% off,Out of Stock,"1033 Crossings Blvd Spring Hill, TN",190198000000,37174,1033+Crossings+Blvd+Spring+Hill+TN+37174,35.7413853,-86.9372836
159,50% off,Out of Stock,"1851 Old Fort Pkwy Murfreesboro, TN",190198000000,37129,1851+Old+Fort+Pkwy+Murfreesboro+TN+37129,35.8433561,-86.425899
160,50% off,Out of Stock,"1701 Galleria Blvd Franklin, TN",190198000000,37067,1701+Galleria+Blvd+Franklin+TN+37067,35.9660895,-86.8127669
161,50% off,Out of Stock,"5579 Highway 153 Hixson, TN",190198000000,37343,5579+Highway+153+Hixson+TN+37343,35.1459645,-85.2523569
162,50% off,Out of Stock,"803 Industrial Blvd Smyrna, TN",190198000000,37167,803+Industrial+Blvd+Smyrna+TN+37167,35.9798556,-86.5711439
163,50% off,Out of Stock,"1816 Gunbarrel Rd Chattanooga, TN",190198000000,37421,1816+Gunbarrel+Rd+Chattanooga+TN+37421,35.0246112,-85.1556825
164,50% off,Out of Stock,"780 Old Hickory Blvd Brentwood, TN",190198000000,37027,780+Old+Hickory+Blvd+Brentwood+TN+37027,36.042994,-86.7785547
165,25% off,Out of Stock,"3064 Columbia Ave Franklin, TN",190198000000,37064,3064+Columbia+Ave+Franklin+TN+37064,35.892735,-86.8811476
166,50% off,Out of Stock,"2640 Enterprise Dr Opelika, AL",190198000000,36801,2640+Enterprise+Dr+Opelika+AL+36801,32.6204324,-85.4050434
167,50% off,Out of Stock,"1591 Bradley Park Dr Columbus, GA",190198000000,31904,1591+Bradley+Park+Dr+Columbus+GA+31904,32.533442,-84.9691159
168,50% off,Out of Stock,"4601 Montgomery Hwy Dothan, AL",190198000000,36303,4601+Montgomery+Hwy+Dothan+AL+36303,31.2673388,-85.447228
169,25% off,Out of Stock,"3150 Bel Air Mall Mobile, AL",190198000000,36606,3150+Bel+Air+Mall+Mobile+AL+36606,30.6712327,-88.1203096
170,25% off,Out of Stock,"1698 US Highway 98 Daphne, AL",190198000000,36526,1698+US+Highway+98+Daphne+AL+36526,30.6028747,-87.8959317
171,50% off,Out of Stock,"790 Schillinger Rd S Mobile, AL",190198000000,36695,790+Schillinger+Rd+S+Mobile+AL+36695,30.6734013,-88.2260919
172,25% off,Out of Stock,"3820 Gulf Shores Pkwy Gulf Shores, AL",190198000000,36542,3820+Gulf+Shores+Pkwy+Gulf+Shores+AL+36542,30.3039796,-87.6799946
173,25% off,Out of Stock,"2950 S Blue Angel Pkwy Pensacola, FL",190198000000,32506,2950+S+Blue+Angel+Pkwy+Pensacola+FL+32506,30.3629509,-87.3573086
174,50% off,Out of Stock,"1749 E Nine Mile Rd Pensacola, FL",190198000000,32514,1749+E+Nine+Mile+Rd+Pensacola+FL+32514,30.5295921,-87.2243525
175,50% off,Out of Stock,"4711 Bayou Blvd Pensacola, FL",190198000000,32503,4711+Bayou+Blvd+Pensacola+FL+32503,30.4684872,-87.2087917
176,25% off,Out of Stock,"4727 Highway 90 Pace, FL",190198000000,32571,4727+Highway+90+Pace+FL+32571,30.6008066,-87.1268576
177,50% off,Out of Stock,"3867 Promenade Pkwy Diberville, MS",190198000000,39540,3867+Promenade+Pkwy+Diberville+MS+39540,30.4557758,-88.8995201
178,50% off,Out of Stock,"250 E Miracle Strip Pkwy Mary Esther, FL",190198000000,32569,250+E+Miracle+Strip+Pkwy+Mary+Esther+FL+32569,30.411029,-86.6593768
179,50% off,Out of Stock,"6143 U S Highway 98 Hattiesburg, MS",190198000000,39402,6143+U+S+Highway+98+Hattiesburg+MS+39402,31.3239115,-89.384664
180,50% off,Out of Stock,"853 Harbor Blvd Destin, FL",190198000000,32541,853+Harbor+Blvd+Destin+FL+32541,30.3912672,-86.4814898
181,50% off,Limited Stock,"3545 N Shiloh Dr Fayetteville, AR",190198000000,72703,3545+N+Shiloh+Dr+Fayetteville+AR+72703,36.1163755,-94.1558134
182,50% off,Out of Stock,"3151 E 7th St Joplin, MO",190198000000,64801,3151+E+7th+St+Joplin+MO+64801,37.0847655,-94.4736995
183,25% off,Out of Stock,"2404 Promenade Blvd Rogers, AR",190198000000,72758,2404+Promenade+Blvd+Rogers+AR+72758,36.2993587,-94.1727497
184,50% off,Out of Stock,"1825 E Primrose St Springfield, MO",190198000000,65804,1825+E+Primrose+St+Springfield+MO+65804,37.151924,-93.2632346
185,50% off,Out of Stock,"10711 E 71st St Tulsa, OK",190198000000,74133,10711+E+71st+St+Tulsa+OK+74133,36.0628683,-95.8567584
186,50% off,Out of Stock,"10019 S Memorial Dr Tulsa, OK",190198000000,74133,10019+S+Memorial+Dr+Tulsa+OK+74133,36.0191382,-95.8836999
187,25% off,Out of Stock,"4001 Phoenix Ave Fort Smith, AR",190198000000,72903,4001+Phoenix+Ave+Fort+Smith+AR+72903,35.3414469,-94.3875127
188,25% off,Out of Stock,"1200 Branson Hills Pkwy Branson, MO",190198000000,65616,1200+Branson+Hills+Pkwy+Branson+MO+65616,36.6741026,-93.225885
189,25% off,Out of Stock,"1150 E Hillside Dr Broken Arrow, OK",190198000000,74012,1150+E+Hillside+Dr+Broken+Arrow+OK+74012,36.0670278,-95.7765664
190,25% off,Out of Stock,"9010 N 121st East Ave Owasso, OK",190198000000,74055,9010+N+121st+East+Ave+Owasso+OK+74055,36.2897107,-95.8448625
191,50% off,Out of Stock,"5071 Kipling St Wheat Ridge, CO",190198000000,80033,5071+Kipling+St+Wheat+Ridge+CO+80033,39.787987,-105.1129106
192,50% off,Out of Stock,"7899 Wadsworth Blvd Arvada, CO",190198000000,80003,7899+Wadsworth+Blvd+Arvada+CO+80003,39.8395973,-105.0855167
193,50% off,Out of Stock,"10445 Reed St Westminster, CO",190198000000,80021,10445+Reed+St+Westminster+CO+80021,39.8864245,-105.079101
194,50% off,Out of Stock,"1985 Sheridan Blvd Edgewater, CO",190198000000,80214,1985+Sheridan+Blvd+Edgewater+CO+80214,39.7464123,-105.0561068
195,50% off,Out of Stock,"14500 W Colfax Ave Unit B1 Lakewood, CO",190198000000,80401,14500+W+Colfax+Ave+Unit+B1+Lakewood+CO+80401,39.7334764,-105.1571457
196,50% off,Out of Stock,"460 S Vance St Lakewood, CO",190198000000,80226,460+S+Vance+St+Lakewood+CO+80226,39.7076356,-105.0789401
197,25% off,Out of Stock,"1600 California St Ste 14, Denver, CO",190198000000,80202,1600+California+St+Ste+14+Denver+CO+80202,39.7451995,-104.991597
198,50% off,Out of Stock,"400 Marshall Rd Superior, CO",190198000000,80027,400+Marshall+Rd+Superior+CO+80027,39.9556361,-105.1703511
199,50% off,Out of Stock,"1001 E 120th Ave Thornton, CO",190198000000,80233,1001+E+120th+Ave+Thornton+CO+80233,39.9168942,-104.9750286
200,50% off,Out of Stock,"14451 Orchard Pkwy Westminster, CO",190198000000,80023,14451+Orchard+Pkwy+Westminster+CO+80023,39.9589235,-104.9956595
201,50% off,Out of Stock,"7930 Northfield Blvd Denver, CO",190198000000,80238,7930+Northfield+Blvd+Denver+CO+80238,39.7832877,-104.8954512
202,50% off,Out of Stock,"4301 E Virginia Ave Glendale, CO",190198000000,80246,4301+E+Virginia+Ave+Glendale+CO+80246,39.7085235,-104.9370601
203,50% off,Out of Stock,"3650 Riverpoint Pkwy Sheridan, CO",190198000000,80110,3650+Riverpoint+Pkwy+Sheridan+CO+80110,39.6502584,-105.0055342
204,50% off,Out of Stock,"9390 W Cross Dr Littleton, CO",190198000000,80123,9390+W+Cross+Dr+Littleton+CO+80123,39.6106609,-105.101594
205,50% off,Out of Stock,"7777 E Hampden Ave Denver, CO",190198000000,80231,7777+E+Hampden+Ave+Denver+CO+80231,39.6547562,-104.9006037
206,50% off,Out of Stock,"1400 S Havana St Aurora, CO",190198000000,80012,1400+S+Havana+St+Aurora+CO+80012,39.6912757,-104.8627922
207,50% off,Out of Stock,"2800 Pearl St Boulder, CO",190198000000,80301,2800+Pearl+St+Boulder+CO+80301,40.0218233,-105.2558735
208,50% off,Out of Stock,"14200 E Ellsworth Ave Aurora, CO",190198000000,80012,14200+E+Ellsworth+Ave+Aurora+CO+80012,39.7160154,-104.8217499
209,50% off,Out of Stock,"1950 E County Line Rd Highlands Ranch, CO",190198000000,80126,1950+E+County+Line+Rd+Highlands+Ranch+CO+80126,39.5652006,-104.9662659
210,50% off,Out of Stock,"1265 Sgt Jon Stiles Dr Highlands Ranch, CO",190198000000,80129,1265+Sgt+Jon+Stiles+Dr+Highlands+Ranch+CO+80129,39.5499065,-105.0057021
211,50% off,Limited Stock,"10001 Commons St Lone Tree, CO",190198000000,80124,10001+Commons+St+Lone+Tree+CO+80124,39.5349955,-104.8843208
212,50% off,Out of Stock,"6767 S Clinton St Englewood, CO",190198000000,80112,6767+S+Clinton+St+Englewood+CO+80112,39.5928457,-104.8817664
213,50% off,Out of Stock,"7400 S Gartrell Rd Aurora, CO",190198000000,80016,7400+S+Gartrell+Rd+Aurora+CO+80016,39.5812327,-104.7220796
214,50% off,Out of Stock,"11150 S Twenty Mile Rd Parker, CO",190198000000,80134,11150+S+Twenty+Mile+Rd+Parker+CO+80134,39.5134938,-104.7723311
215,50% off,Out of Stock,"2171 Prairie Center Pkwy Brighton, CO",190198000000,80601,2171+Prairie+Center+Pkwy+Brighton+CO+80601,39.9563288,-104.7803537
216,25% off,Out of Stock,"16910 E Quincy Ave Aurora, CO",190198000000,80015,16910+E+Quincy+Ave+Aurora+CO+80015,39.6363406,-104.7902003
217,25% off,Out of Stock,"15700 E Briarwood Cir Aurora, CO",190198000000,80016,15700+E+Briarwood+Cir+Aurora+CO+80016,39.5915746,-104.8045356
218,50% off,Out of Stock,"105 W Troutman Pkwy Fort Collins, CO",190198000000,80525,105+W+Troutman+Pkwy+Fort+Collins+CO+80525,40.5267824,-105.0785748
219,50% off,Out of Stock,"2936 Council Tree Ave Fort Collins, CO",190198000000,80525,2936+Council+Tree+Ave+Fort+Collins+CO+80525,40.5275456,-105.0225019
220,50% off,Out of Stock,"1725 Rocky Mountain Ave Loveland, CO",190198000000,80538,1725+Rocky+Mountain+Ave+Loveland+CO+80538,40.4097,-105.0040587
221,50% off,Out of Stock,"4400 Centerplace Dr Greeley, CO",190198000000,80634,4400+Centerplace+Dr+Greeley+CO+80634,40.394375,-104.7500886
222,50% off,Out of Stock,"551 S Hover Rd Longmont, CO",190198000000,80501,551+S+Hover+Rd+Longmont+CO+80501,40.1534505,-105.1343014
223,50% off,Out of Stock,"1708 Dell Range Blvd Cheyenne, WY",190198000000,82009,1708+Dell+Range+Blvd+Cheyenne+WY+82009,41.1620191,-104.8000475
224,50% off,Out of Stock,"1630 E Cheyenne Mountain Blvd Colorado Springs, CO",190198000000,80906,1630+E+Cheyenne+Mountain+Blvd+Colorado+Springs+CO+80906,38.7925108,-104.8018711
225,50% off,Out of Stock,"5240 N Academy Blvd Colorado Springs, CO",190198000000,80918,5240+N+Academy+Blvd+Colorado+Springs+CO+80918,38.9046183,-104.7803537
226,50% off,Out of Stock,"3810 Bloomington St Colorado Springs, CO",190198000000,80922,3810+Bloomington+St+Colorado+Springs+CO+80922,38.8888144,-104.718189
227,50% off,Out of Stock,"9670 Prominent Pt Colorado Springs, CO",190198000000,80924,9670+Prominent+Pt+Colorado+Springs+CO+80924,38.9734786,-104.7464426
228,50% off,Out of Stock,"5010 Founders Pkwy Castle Rock, CO",190198000000,80108,5010+Founders+Pkwy+Castle+Rock+CO+80108,39.407939,-104.8562247
229,25% off,Out of Stock,"3300 Dillon Dr Pueblo, CO",190198000000,81008,3300+Dillon+Dr+Pueblo+CO+81008,38.3026587,-104.6057728
230,50% off,Out of Stock,"4515 E Thomas Rd Phoenix, AZ",190198000000,85018,4515+E+Thomas+Rd+Phoenix+AZ+85018,33.4775638,-111.9839212
231,50% off,Out of Stock,"1800 E Rio Salado Pkwy Tempe, AZ",190198000000,85281,1800+E+Rio+Salado+Pkwy+Tempe+AZ+85281,33.4298068,-111.9062309
232,25% off,Out of Stock,"1625 E Camelback Rd Phoenix, AZ",190198000000,85016,1625+E+Camelback+Rd+Phoenix+AZ+85016,33.5074123,-112.0463329
233,50% off,Out of Stock,"2140 E Baseline Rd Phoenix, AZ",190198000000,85042,2140+E+Baseline+Rd+Phoenix+AZ+85042,33.379662,-112.0343522
234,50% off,Out of Stock,"1818 E Baseline Rd Tempe, AZ",190198000000,85283,1818+E+Baseline+Rd+Tempe+AZ+85283,33.3796402,-111.9079077
235,25% off,Out of Stock,"1230 S Longmore Ave Mesa, AZ",190198000000,85202,1230+S+Longmore+Ave+Mesa+AZ+85202,33.3922419,-111.8648795
236,50% off,Out of Stock,"9000 E Talking Stick Way Scottsdale, AZ",190198000000,85250,9000+E+Talking+Stick+Way+Scottsdale+AZ+85250,33.5405152,-111.8869288
237,50% off,Out of Stock,"5715 N 19th Ave Phoenix, AZ",190198000000,85015,5715+N+19th+Ave+Phoenix+AZ+85015,33.5209647,-112.0974082
238,50% off,Out of Stock,"4734 E Ray Rd Phoenix, AZ",190198000000,85044,4734+E+Ray+Rd+Phoenix+AZ+85044,33.3218984,-111.9811417
239,50% off,Out of Stock,"12602 N Paradise Village Pkwy W Phoenix, AZ",190198000000,85032,12602+N+Paradise+Village+Pkwy+W+Phoenix+AZ+85032,33.6004996,-111.9896967
240,50% off,Out of Stock,"3425 W Frye Rd Chandler, AZ",190198000000,85226,3425+W+Frye+Rd+Chandler+AZ+85226,33.2957302,-111.8995851
241,25% off,Out of Stock,"1135 S Gilbert Rd Mesa, AZ",190198000000,85204,1135+S+Gilbert+Rd+Mesa+AZ+85204,33.3943485,-111.7855007
242,50% off,Out of Stock,"15444 N Frank Lloyd Wright Blvd Scottsdale, AZ",190198000000,85260,15444+N+Frank+Lloyd+Wright+Blvd+Scottsdale+AZ+85260,33.6265712,-111.8887178
243,50% off,Out of Stock,"10404 N 43rd Ave Glendale, AZ",190198000000,85302,10404+N+43rd+Ave+Glendale+AZ+85302,33.5802437,-112.1532676
244,50% off,Out of Stock,"16806 N 7th St Phoenix, AZ",190198000000,85022,16806+N+7th+St+Phoenix+AZ+85022,33.6381086,-112.0688753
245,25% off,Out of Stock,"7409 W Virginia Ave Phoenix, AZ",190198000000,85035,7409+W+Virginia+Ave+Phoenix+AZ+85035,33.4757981,-112.2179103
246,50% off,Out of Stock,"1515 E Warner Rd Gilbert, AZ",190198000000,85296,1515+E+Warner+Rd+Gilbert+AZ+85296,33.3337446,-111.7575908
247,50% off,Out of Stock,"21001 N Tatum Blvd Ste 20 Phoenix, AZ",190198000000,85050,21001+N+Tatum+Blvd+Ste+20+Phoenix+AZ+85050,33.674184,-111.9744196
248,50% off,Out of Stock,"3777 S ARIZONA AVE Chandler, AZ",190198000000,85248,3777+S+ARIZONA+AVE+Chandler+AZ+85248,33.2503016,-111.8376547
249,50% off,Out of Stock,"3931 S Gilbert Rd Gilbert, AZ",190198000000,85297,3931+S+Gilbert+Rd+Gilbert+AZ+85297,33.2789082,-111.7859135
250,50% off,Out of Stock,"2151 N Power Rd Mesa, AZ",190198000000,85215,2151+N+Power+Rd+Mesa+AZ+85215,33.4545859,-111.6826546
251,50% off,Out of Stock,"1525 S Power Rd Mesa, AZ",190198000000,85206,1525+S+Power+Rd+Mesa+AZ+85206,33.3884182,-111.6830273
252,50% off,Out of Stock,"5110 S Power Rd Mesa, AZ",190198000000,85212,5110+S+Power+Rd+Mesa+AZ+85212,33.3231659,-111.6890886
253,25% off,Out of Stock,"16825 E Shea Blvd Fountain Hills, AZ",190198000000,85268,16825+E+Shea+Blvd+Fountain+Hills+AZ+85268,33.5733931,-111.7184273
254,50% off,Out of Stock,"21398 S Ellsworth Loop Rd Queen Creek, AZ",190198000000,85142,21398+S+Ellsworth+Loop+Rd+Queen+Creek+AZ+85142,33.2546526,-111.6417707
255,50% off,Out of Stock,"9350 W Northern Ave Glendale, AZ",190198000000,85305,9350+W+Northern+Ave+Glendale+AZ+85305,33.5524031,-112.2568904
256,50% off,Out of Stock,"8055 W Bell Rd Peoria, AZ",190198000000,85382,8055+W+Bell+Rd+Peoria+AZ+85382,33.6356253,-112.228156
257,50% off,Out of Stock,"2727 W Agua Fria Fwy Phoenix, AZ",190198000000,85027,2727+W+Agua+Fria+Fwy+Phoenix+AZ+85027,33.6711685,-112.1217704
258,50% off,Out of Stock,"13731 W Bell Rd Surprise, AZ",190198000000,85374,13731+W+Bell+Rd+Surprise+AZ+85374,33.6368072,-112.3537192
259,25% off,Out of Stock,"9830 W Lower Buckeye Rd Tolleson, AZ",190198000000,85353,9830+W+Lower+Buckeye+Rd+Tolleson+AZ+85353,33.4212741,-112.2698548
260,50% off,Out of Stock,"24890 N Lake Pleasant Pkwy Peoria, AZ",190198000000,85383,24890+N+Lake+Pleasant+Pkwy+Peoria+AZ+85383,33.7101161,-112.2758045
261,50% off,Out of Stock,"1515 N Litchfield Rd Goodyear, AZ",190198000000,85395,1515+N+Litchfield+Rd+Goodyear+AZ+85395,33.4632546,-112.3550121
262,25% off,Out of Stock,"995 S Cotton Ln Goodyear, AZ",190198000000,85338,995+S+Cotton+Ln+Goodyear+AZ+85338,33.4373884,-112.4213234
263,50% off,Out of Stock,"32351 N Scottsdale Rd Scottsdale, AZ",190198000000,85266,32351+N+Scottsdale+Rd+Scottsdale+AZ+85266,33.7795313,-111.9225011
264,50% off,Out of Stock,"3699 E Broadway Blvd Tucson, AZ",190198000000,85716,3699+E+Broadway+Blvd+Tucson+AZ+85716,32.2226873,-110.9148598
265,50% off,Out of Stock,"1225 W Irvington Rd Tucson, AZ",190198000000,85714,1225+W+Irvington+Rd+Tucson+AZ+85714,32.1608318,-110.9900677
266,25% off,Out of Stock,"5255 E Broadway Blvd Tucson, AZ",190198000000,85711,5255+E+Broadway+Blvd+Tucson+AZ+85711,32.223218,-110.8804382
267,50% off,Out of Stock,"4040 N Oracle Rd Tucson, AZ",190198000000,85705,4040+N+Oracle+Rd+Tucson+AZ+85705,32.2801901,-110.9761839
268,50% off,Out of Stock,"6500 E Grant Rd Tucson, AZ",190198000000,85715,6500+E+Grant+Rd+Tucson+AZ+85715,32.2486285,-110.8528705
269,50% off,Out of Stock,"9615 E Old Spanish Trl Tucson, AZ",190198000000,85748,9615+E+Old+Spanish+Trl+Tucson+AZ+85748,32.2075329,-110.7861886
270,50% off,Out of Stock,"3901 W Ina Rd Tucson, AZ",190198000000,85741,3901+W+Ina+Rd+Tucson+AZ+85741,32.3356016,-111.048835
271,50% off,Out of Stock,"10555 N Oracle Rd Oro Valley, AZ",190198000000,85737,10555+N+Oracle+Rd+Oro+Valley+AZ+85737,32.3990239,-110.9601638
272,50% off,Out of Stock,"4151 E Highway 90 Sierra Vista, AZ",190198000000,85635,4151+E+Highway+90+Sierra+Vista+AZ+85635,31.5561559,-110.2558558
273,25% off,Out of Stock,"3131 S HOOVER ST STE 1910 LOS ANGELES, CA",190198000000,90089,3131+S+HOOVER+ST+STE+1910+LOS+ANGELES+CA+90089,34.026076,-118.2846645
274,50% off,Out of Stock,"3471 W Century Blvd Inglewood, CA",190198000000,90301,3471+W+Century+Blvd+Inglewood+CA+90301,33.9483124,-118.3335923
275,25% off,Out of Stock,"735 S Figueroa St Los Angeles, CA",190198000000,90017,735+S+Figueroa+St+Los+Angeles+CA+90017,34.049209,-118.260562
276,50% off,Out of Stock,"2700 W 120th St Hawthorne, CA",190198000000,90250,2700+W+120th+St+Hawthorne+CA+90250,33.9218393,-118.3215379
277,50% off,Out of Stock,"5700 Firestone Blvd South Gate, CA",190198000000,90280,5700+Firestone+Blvd+South+Gate+CA+90280,33.9480794,-118.1684027
278,25% off,Out of Stock,"620 S Virgil Ave Ste 100 Los Angeles, CA",190198000000,90005,620+S+Virgil+Ave+Ste+100+Los+Angeles+CA+90005,34.0632903,-118.2863536
279,50% off,Out of Stock,"5600 Whittier Blvd Commerce, CA",190198000000,90022,5600+Whittier+Blvd+Commerce+CA+90022,34.0178383,-118.1508511
280,50% off,Out of Stock,"1621 S Alameda St Compton, CA",190198000000,90220,1621+S+Alameda+St+Compton+CA+90220,33.880166,-118.2196756
281,50% off,Out of Stock,"2169 W Redondo Beach Blvd Gardena, CA",190198000000,90247,2169+W+Redondo+Beach+Blvd+Gardena+CA+90247,33.8864234,-118.3156559
282,50% off,Out of Stock,"3535 S La Cienega Blvd Los Angeles, CA",190198000000,90016,3535+S+La+Cienega+Blvd+Los+Angeles+CA+90016,34.0234438,-118.3737787
283,50% off,Out of Stock,"10820 Jefferson Blvd Culver City, CA",190198000000,90230,10820+Jefferson+Blvd+Culver+City+CA+90230,33.9992941,-118.3934894
284,50% off,Out of Stock,"6000 Sepulveda Blvd Culver City, CA",190198000000,90230,6000+Sepulveda+Blvd+Culver+City+CA+90230,33.9854146,-118.3933069
285,50% off,Out of Stock,"6750 Cherry Ave Long Beach, CA",190198000000,90805,6750+Cherry+Ave+Long+Beach+CA+90805,33.8770784,-118.1662089
286,50% off,Out of Stock,"20700 S Avalon Blvd Carson, CA",190198000000,90746,20700+S+Avalon+Blvd+Carson+CA+90746,33.8439058,-118.2609355
287,50% off,Out of Stock,"10600 Firestone Blvd Norwalk, CA",190198000000,90650,10600+Firestone+Blvd+Norwalk+CA+90650,33.9260567,-118.1076167
288,50% off,Out of Stock,"7100 Santa Monica Blvd STE 201, West Hollywood, CA",190198000000,90046,7100+Santa+Monica+Blvd+STE+201+West+Hollywood+CA+90046,34.0901536,-118.3458103
289,50% off,Out of Stock,"1601 Kingsdale Ave Redondo Beach, CA",190198000000,90278,1601+Kingsdale+Ave+Redondo+Beach+CA+90278,33.8688958,-118.3577001
290,25% off,Out of Stock,"8480 Beverly Blvd Ste 1A Los Angeles, CA",190198000000,90048,8480+Beverly+Blvd+Ste+1A+Los+Angeles+CA+90048,34.07523,-118.37559
291,50% off,Out of Stock,"8800 Whittier Blvd Pico Rivera, CA",190198000000,90660,8800+Whittier+Blvd+Pico+Rivera+CA+90660,34.0006745,-118.0868458
292,50% off,Out of Stock,"1200 N Sepulveda Blvd Manhattan Beach, CA",190198000000,90266,1200+N+Sepulveda+Blvd+Manhattan+Beach+CA+90266,33.8889349,-118.3942198
293,50% off,Limited Stock,"3600 Rosemead Blvd Rosemead, CA",190198000000,91770,3600+Rosemead+Blvd+Rosemead+CA+91770,34.0739945,-118.0703835
294,50% off,Limited Stock,"15614 Whittwood Ln Whittier, CA",190198000000,90603,15614+Whittwood+Ln+Whittier+CA+90603,33.9429197,-117.9967419
295,50% off,Out of Stock,"12051 Imperial Hwy Norwalk, CA",190198000000,90650,12051+Imperial+Hwy+Norwalk+CA+90650,33.918455,-118.0755053
296,50% off,Out of Stock,"141 Lakewood Center Mall Lakewood, CA",190198000000,90712,141+Lakewood+Center+Mall+Lakewood+CA+90712,33.8524803,-118.140452
297,50% off,Out of Stock,"2120 W Main St Alhambra, CA",190198000000,91801,2120+W+Main+St+Alhambra+CA+91801,34.0913719,-118.1472857
298,50% off,Out of Stock,"11525 South St Cerritos, CA",190198000000,90703,11525+South+St+Cerritos+CA+90703,33.8593759,-118.0872116
299,25% off,Out of Stock,"10621 Carmenita Rd Santa Fe Springs, CA",190198000000,90670,10621+Carmenita+Rd+Santa+Fe+Springs+CA+90670,33.9378224,-118.0481685
300,50% off,Out of Stock,"950 E 33rd St Signal Hill, CA",190198000000,90755,950+E+33rd+St+Signal+Hill+CA+90755,33.8164505,-118.1815653
301,50% off,Out of Stock,"7530 Orangethorpe Ave Buena Park, CA",190198000000,90621,7530+Orangethorpe+Ave+Buena+Park+CA+90621,33.8570267,-118.0015911
302,50% off,Out of Stock,"2270 N Bellflower Blvd Long Beach, CA",190198000000,90815,2270+N+Bellflower+Blvd+Long+Beach+CA+90815,33.7978736,-118.1226002
303,50% off,Out of Stock,"1000 W Imperial Hwy La Habra, CA",190198000000,90631,1000+W+Imperial+Hwy+La+Habra+CA+90631,33.9160252,-117.9566738
304,25% off,Out of Stock,"20200 Bloomfield Ave Cerritos, CA",190198000000,90703,20200+Bloomfield+Ave+Cerritos+CA+90703,33.8469247,-118.0620006
305,50% off,Out of Stock,"3433 Sepulveda Blvd Torrance, CA",190198000000,90505,3433+Sepulveda+Blvd+Torrance+CA+90505,33.8270091,-118.3456469
306,50% off,Out of Stock,"651 W Sepulveda Blvd Carson, CA",190198000000,90745,651+W+Sepulveda+Blvd+Carson+CA+90745,33.80976,-118.2860988
307,50% off,Out of Stock,"1701 N Gaffey St San Pedro, CA",190198000000,90731,1701+N+Gaffey+St+San+Pedro+CA+90731,33.7605721,-118.2941372
308,25% off,Out of Stock,"4211 Eagle Rock Blvd Los Angeles, CA",190198000000,90065,4211+Eagle+Rock+Blvd+Los+Angeles+CA+90065,34.1228989,-118.2251591
309,25% off,Out of Stock,"10861 Weyburn Ave Los Angeles, CA",190198000000,90024,10861+Weyburn+Ave+Los+Angeles+CA+90024,34.062651,-118.4439421
310,25% off,Out of Stock,"5760 E 7TH ST Long Beach, CA",190198000000,90803,5760+E+7TH+ST+Long+Beach+CA+90803,33.7743479,-118.1199486
311,50% off,Out of Stock,"1893 W Malvern Ave Fullerton, CA",190198000000,92833,1893+W+Malvern+Ave+Fullerton+CA+92833,33.8798674,-117.96116
312,50% off,Out of Stock,"6835 Katella Ave Cypress, CA",190198000000,90630,6835+Katella+Ave+Cypress+CA+90630,33.8043271,-118.0133024
313,50% off,Out of Stock,"12300 Seal Beach Blvd Seal Beach, CA",190198000000,90740,12300+Seal+Beach+Blvd+Seal+Beach+CA+90740,33.7829443,-118.0694689
314,50% off,Out of Stock,"200 Westminster Mall Westminster, CA",190198000000,92683,200+Westminster+Mall+Westminster+CA+92683,33.7462486,-118.0123521
315,50% off,Out of Stock,"16400 Beach Blvd Westminster, CA",190198000000,92683,16400+Beach+Blvd+Westminster+CA+92683,33.7258348,-117.9858529
316,50% off,Limited Stock,"1050 Huntington Dr Duarte, CA",190198000000,91010,1050+Huntington+Dr+Duarte+CA+91010,34.1395301,-117.9832672
317,50% off,Out of Stock,"777 E Colorado Blvd Pasadena, CA",190198000000,91101,777+E+Colorado+Blvd+Pasadena+CA+91101,34.1464065,-118.1345552
318,50% off,Out of Stock,"2626 Colorado Blvd Los Angeles, CA",190198000000,90041,2626+Colorado+Blvd+Los+Angeles+CA+90041,34.1410828,-118.2240827
319,50% off,Out of Stock,"3121 E Colorado Blvd Pasadena, CA",190198000000,91107,3121+E+Colorado+Blvd+Pasadena+CA+91107,34.1469308,-118.0847863
320,50% off,Out of Stock,"2195 Glendale Galleria Glendale, CA",190198000000,91210,2195+Glendale+Galleria+Glendale+CA+91210,34.142998,-118.258603
321,50% off,Out of Stock,"1800 W Empire Ave Burbank, CA",190198000000,91504,1800+W+Empire+Ave+Burbank+CA+91504,34.1890295,-118.3306705
322,50% off,Out of Stock,"3100 Baldwin Park Blvd Baldwin Park, CA",190198000000,91706,3100+Baldwin+Park+Blvd+Baldwin+Park+CA+91706,34.0692425,-117.9767022
323,50% off,Out of Stock,"11051 Victory Blvd North Hollywood, CA",190198000000,91606,11051+Victory+Blvd+North+Hollywood+CA+91606,34.1885612,-118.3713959
324,25% off,Out of Stock,"1033 N Hollywood Way Burbank, CA",190198000000,91505,1033+N+Hollywood+Way+Burbank+CA+91505,34.1691285,-118.3480668
325,25% off,Out of Stock,"809 N Azusa Ave Azusa, CA",190198000000,91702,809+N+Azusa+Ave+Azusa+CA+91702,34.1364404,-117.9082398
326,50% off,Out of Stock,"9725 Laurel Canyon Blvd Pacoima, CA",190198000000,91331,9725+Laurel+Canyon+Blvd+Pacoima+CA+91331,34.245313,-118.4194137
327,25% off,Out of Stock,"10340 N Sepulveda Blvd Mission Hills, CA",190198000000,91345,10340+N+Sepulveda+Blvd+Mission+Hills+CA+91345,34.2749758,-118.468043
328,50% off,Out of Stock,"14920 Raymer St Van Nuys, CA",190198000000,91405,14920+Raymer+St+Van+Nuys+CA+91405,34.2127778,-118.4593389
329,50% off,Out of Stock,"11133 Balboa Blvd Granada Hills, CA",190198000000,91344,11133+Balboa+Blvd+Granada+Hills+CA+91344,34.2728721,-118.5036967
330,50% off,Out of Stock,"8999 Balboa Blvd Northridge, CA",190198000000,91325,8999+Balboa+Blvd+Northridge+CA+91325,34.2344351,-118.5035194
331,50% off,Out of Stock,"5711 Sepulveda Blvd Van Nuys, CA",190198000000,91411,5711+Sepulveda+Blvd+Van+Nuys+CA+91411,34.1747561,-118.4669957
332,50% off,Out of Stock,"8840 Corbin Ave Northridge, CA",190198000000,91324,8840+Corbin+Ave+Northridge+CA+91324,34.2311562,-118.5602895
333,50% off,Out of Stock,"19105 Golden Valley Rd Santa Clarita, CA",190198000000,91387,19105+Golden+Valley+Rd+Santa+Clarita+CA+91387,34.3945769,-118.4647391
334,50% off,Out of Stock,"20801 Ventura Blvd Woodland Hills, CA",190198000000,91364,20801+Ventura+Blvd+Woodland+Hills+CA+91364,34.1675114,-118.5847221
335,50% off,Out of Stock,"6700 Topanga Canyon Blvd Canoga Park, CA",190198000000,91303,6700+Topanga+Canyon+Blvd+Canoga+Park+CA+91303,34.191843,-118.602589
336,50% off,Out of Stock,"6635 Fallbrook Ave West Hills, CA",190198000000,91307,6635+Fallbrook+Ave+West+Hills+CA+91307,34.1903848,-118.6266613
337,50% off,Out of Stock,"24425 Magic Mountain Pkwy Valencia, CA",190198000000,91355,24425+Magic+Mountain+Pkwy+Valencia+CA+91355,34.4210634,-118.5615876
338,50% off,Out of Stock,"2907 Cochran St Simi Valley, CA",190198000000,93065,2907+Cochran+St+Simi+Valley+CA+93065,34.280517,-118.7396607
339,50% off,Out of Stock,"1931 Campus Ave Upland, CA",190198000000,91784,1931+Campus+Ave+Upland+CA+91784,34.1335389,-117.640734
340,50% off,Out of Stock,"30740 Russell Ranch Rd Westlake Village, CA",190198000000,91362,30740+Russell+Ranch+Rd+Westlake+Village+CA+91362,34.1475822,-118.7935806
341,50% off,Out of Stock,"51 Tierra Rejada Rd Simi Valley, CA",190198000000,93065,51+Tierra+Rejada+Rd+Simi+Valley+CA+93065,34.2734901,-118.798316
342,50% off,Out of Stock,"800 New Los Angeles Ave Moorpark, CA",190198000000,93021,800+New+Los+Angeles+Ave+Moorpark+CA+93021,34.2782751,-118.8671988
343,50% off,Limited Stock,"2705 Teller Rd Thousand Oaks, CA",190198000000,91320,2705+Teller+Rd+Thousand+Oaks+CA+91320,34.1909139,-118.934123
344,50% off,Limited Stock,"209 W Ventura Blvd Camarillo, CA",190198000000,93010,209+W+Ventura+Blvd+Camarillo+CA+93010,34.2166044,-119.0727202
345,50% off,Out of Stock,"2850 N OXNARD BLVD Oxnard, CA",190198000000,93036,2850+N+OXNARD+BLVD+Oxnard+CA+93036,34.242298,-119.1769609
346,50% off,Out of Stock,"4200 E Main St Ventura, CA",190198000000,93003,4200+E+Main+St+Ventura+CA+93003,34.2613949,-119.2370498
347,50% off,Limited Stock,"2370 S Azusa Ave West Covina, CA",190198000000,91792,2370+S+Azusa+Ave+West+Covina+CA+91792,34.0329892,-117.9115354
348,50% off,Out of Stock,"2831 E Eastland Ctr Dr West Covina, CA",190198000000,91791,2831+E+Eastland+Ctr+Dr+West+Covina+CA+91791,34.0735341,-117.8838536
349,50% off,Out of Stock,"17751 Colima Rd Rowland Heights, CA",190198000000,91748,17751+Colima+Rd+Rowland+Heights+CA+91748,33.9921289,-117.9185109
350,50% off,Out of Stock,"888 W Arrow Hwy San Dimas, CA",190198000000,91773,888+W+Arrow+Hwy+San+Dimas+CA+91773,34.1063716,-117.8244262
351,50% off,Out of Stock,"747 Grand Ave Diamond Bar, CA",190198000000,91765,747+Grand+Ave+Diamond+Bar+CA+91765,34.004442,-117.8210683
352,50% off,Out of Stock,"2462 Foothill Blvd La Verne, CA",190198000000,91750,2462+Foothill+Blvd+La+Verne+CA+91750,34.1096272,-117.759877
353,50% off,Out of Stock,"855 E Birch St Brea, CA",190198000000,92821,855+E+Birch+St+Brea+CA+92821,33.9188656,-117.8877513
354,50% off,Out of Stock,"701 Rio Rancho Road Pomona, CA",190198000000,91766,701+Rio+Rancho+Road+Pomona+CA+91766,34.034835,-117.7558457
355,50% off,Out of Stock,"3944 Grand Ave Chino, CA",190198000000,91710,3944+Grand+Ave+Chino+CA+91710,34.0016935,-117.7187131
356,50% off,Out of Stock,"5555 Philadelphia St Chino, CA",190198000000,91710,5555+Philadelphia+St+Chino+CA+91710,34.032775,-117.681443
357,50% off,Out of Stock,"8148 E Santa Ana Canyon Rd Anaheim, CA",190198000000,92808,8148+E+Santa+Ana+Canyon+Rd+Anaheim+CA+92808,33.8652921,-117.7470499
358,50% off,Out of Stock,"9052 Central Ave Montclair, CA",190198000000,91763,9052+Central+Ave+Montclair+CA+91763,34.0903668,-117.6907833
359,50% off,Out of Stock,"12471 Limonite Ave Mira Loma, CA",190198000000,91752,12471+Limonite+Ave+Mira+Loma+CA+91752,33.9783777,-117.5541707
360,50% off,Out of Stock,"2920 Yorba Linda Blvd Fullerton, CA",190198000000,92831,2920+Yorba+Linda+Blvd+Fullerton+CA+92831,33.8880403,-117.8778444
361,50% off,Out of Stock,"1290 Hamner Ave Norco, CA",190198000000,92860,1290+Hamner+Ave+Norco+CA+92860,33.9011217,-117.5648098
362,50% off,Out of Stock,"4200 E 4th St Ontario, CA",190198000000,91764,4200+E+4th+St+Ontario+CA+91764,34.0756168,-117.561722
363,50% off,Out of Stock,"2191 N Tustin St Orange, CA",190198000000,92865,2191+N+Tustin+St+Orange+CA+92865,33.8249571,-117.8346229
364,50% off,Out of Stock,"10576 Foothill Blvd Rancho Cucamonga, CA",190198000000,91730,10576+Foothill+Blvd+Rancho+Cucamonga+CA+91730,34.1087625,-117.5742529
365,25% off,Out of Stock,"2222 E Lincoln Ave Anaheim, CA",190198000000,92806,2222+E+Lincoln+Ave+Anaheim+CA+92806,33.8377459,-117.8862678
366,50% off,Out of Stock,"16964 Slover Ave Fontana, CA",190198000000,92337,16964+Slover+Ave+Fontana+CA+92337,34.0655797,-117.4341643
367,50% off,Out of Stock,"15272 Summit Ave Fontana, CA",190198000000,92336,15272+Summit+Ave+Fontana+CA+92336,34.1525134,-117.4723395
368,50% off,Out of Stock,"3520 Tyler St Riverside, CA",190198000000,92503,3520+Tyler+St+Riverside+CA+92503,33.9064564,-117.45986
369,50% off,Out of Stock,"3333 Arlington Ave Riverside, CA",190198000000,92506,3333+Arlington+Ave+Riverside+CA+92506,33.9479466,-117.3823956
370,50% off,Out of Stock,"499 W Orange Show Rd San Bernardino, CA",190198000000,92408,499+W+Orange+Show+Rd+San+Bernardino+CA+92408,34.0781491,-117.2920432
371,10% off,Out of Stock,"2380 Sterling Ave San Bernardino, CA",190198000000,92404,2380+Sterling+Ave+San+Bernardino+CA+92404,34.1379228,-117.2453818
372,50% off,Out of Stock,"2615 Tuscanny St Corona, CA",190198000000,92881,2615+Tuscanny+St+Corona+CA+92881,33.826636,-117.5162562
373,50% off,Limited Stock,"3424 College Ave San Diego, CA",190198000000,92115,3424+College+Ave+San+Diego+CA+92115,32.741007,-117.055583
374,50% off,Out of Stock,"3060 Plaza Bonita Rd National City, CA",190198000000,91950,3060+Plaza+Bonita+Rd+National+City+CA+91950,32.6536161,-117.0655931
375,50% off,Out of Stock,"1240 Broadway Chula Vista, CA",190198000000,91911,1240+Broadway+Chula+Vista+CA+91911,32.6047624,-117.0810631
376,50% off,Out of Stock,"910 Eastlake Pkwy Chula Vista, CA",190198000000,91914,910+Eastlake+Pkwy+Chula+Vista+CA+91914,32.6506934,-116.9683212
377,50% off,Out of Stock,"2911 Jamacha Rd El Cajon, CA",190198000000,92019,2911+Jamacha+Rd+El+Cajon+CA+92019,32.7382167,-116.9383274
378,50% off,Out of Stock,"1288 Camino Del Rio N San Diego, CA",190198000000,92108,1288+Camino+Del+Rio+N+San+Diego+CA+92108,32.7679805,-117.1505562
379,50% off,Out of Stock,"5500 Grossmont Ctr Dr La Mesa, CA",190198000000,91942,5500+Grossmont+Ctr+Dr+La+Mesa+CA+91942,32.7782382,-117.0107205
380,50% off,Out of Stock,"3245 Sports Arena Blvd San Diego, CA",190198000000,92110,3245+Sports+Arena+Blvd+San+Diego+CA+92110,32.7511287,-117.210103
381,50% off,Out of Stock,"5680 Balboa Ave San Diego, CA",190198000000,92111,5680+Balboa+Ave+San+Diego+CA+92111,32.8221521,-117.1784939
382,50% off,Out of Stock,"9846 Mission Gorge Rd Santee, CA",190198000000,92071,9846+Mission+Gorge+Rd+Santee+CA+92071,32.8423516,-116.9824828
383,50% off,Out of Stock,"8251 Mira Mesa Blvd San Diego, CA",190198000000,92126,8251+Mira+Mesa+Blvd+San+Diego+CA+92126,32.9102706,-117.1461447
384,50% off,Out of Stock,"14823 Pomerado Rd Poway, CA",190198000000,92064,14823+Pomerado+Rd+Poway+CA+92064,32.9805582,-117.0602928
385,50% off,Out of Stock,"17170 Camino Del Sur San Diego, CA",190198000000,92127,17170+Camino+Del+Sur+San+Diego+CA+92127,33.0194524,-117.1251884
386,50% off,Out of Stock,"280 E Via Rancho Pkwy Escondido, CA",190198000000,92025,280+E+Via+Rancho+Pkwy+Escondido+CA+92025,33.070751,-117.0655519
387,50% off,Out of Stock,"1010 N El Camino Real Encinitas, CA",190198000000,92024,1010+N+El+Camino+Real+Encinitas+CA+92024,33.0627365,-117.2652234
388,50% off,Out of Stock,"1280 Auto Park Way Escondido, CA",190198000000,92029,1280+Auto+Park+Way+Escondido+CA+92029,33.1136227,-117.0994088
389,25% off,Out of Stock,"3030 Grape St San Diego, CA",190198000000,92102,3030+Grape+St+San+Diego+CA+92102,32.7267748,-117.1287732
390,25% off,Out of Stock,"8001 Othello Ave San Diego, CA",190198000000,92111,8001+Othello+Ave+San+Diego+CA+92111,32.8166789,-117.1516591
391,25% off,Out of Stock,"250 Broadway El Cajon, CA",190198000000,92021,250+Broadway+El+Cajon+CA+92021,32.8098379,-116.9593024
392,50% off,Out of Stock,"1751 University Dr Vista, CA",190198000000,92083,1751+University+Dr+Vista+CA+92083,33.1685787,-117.2148807
393,50% off,Out of Stock,"3150 Business Park Dr Vista, CA",190198000000,92081,3150+Business+Park+Dr+Vista+CA+92081,33.1360289,-117.2288456
394,50% off,Out of Stock,"2255 S El Camino Real Oceanside, CA",190198000000,92054,2255+S+El+Camino+Real+Oceanside+CA+92054,33.1842313,-117.330246
395,50% off,Out of Stock,"443 College Blvd Oceanside, CA",190198000000,92057,443+College+Blvd+Oceanside+CA+92057,33.2469196,-117.2931453
396,50% off,Out of Stock,"990 Avenida Vista Hermosa San Clemente, CA",190198000000,92673,990+Avenida+Vista+Hermosa+San+Clemente+CA+92673,33.4638539,-117.6062601
397,50% off,Out of Stock,"29676 Rancho California Rd Temecula, CA",190198000000,92591,29676+Rancho+California+Rd+Temecula+CA+92591,33.5067957,-117.1461447
398,50% off,Out of Stock,"41040 California Oaks Rd Murrieta, CA",190198000000,92562,41040+California+Oaks+Rd+Murrieta+CA+92562,33.5658978,-117.2031201
399,50% off,Out of Stock,"27818 Clinton Keith Rd Murrieta, CA",190198000000,92562,27818+Clinton+Keith+Rd+Murrieta+CA+92562,33.6041167,-117.1729802
400,50% off,Out of Stock,"27320 W Lugonia Ave Redlands, CA",190198000000,92374,27320+W+Lugonia+Ave+Redlands+CA+92374,34.0716137,-117.2036036
401,50% off,Out of Stock,"2755 Canyon Springs Pkwy Riverside, CA",190198000000,92507,2755+Canyon+Springs+Pkwy+Riverside+CA+92507,33.938665,-117.2824913
402,50% off,Out of Stock,"27100 Eucalyptus Ave Moreno Valley, CA",190198000000,92555,27100+Eucalyptus+Ave+Moreno+Valley+CA+92555,33.9381355,-117.1893371
403,50% off,Out of Stock,"12795 Main St Hesperia, CA",190198000000,92345,12795+Main+St+Hesperia+CA+92345,34.4246587,-117.3834972
404,50% off,Out of Stock,"19201 Bear Valley Rd Apple Valley, CA",190198000000,92308,19201+Bear+Valley+Rd+Apple+Valley+CA+92308,34.4701033,-117.2441214
405,50% off,Out of Stock,"20288 US Highway 18 Apple Valley, CA",190198000000,92307,20288+US+Highway+18+Apple+Valley+CA+92307,34.5219718,-117.2148343
406,25% off,Out of Stock,"18287 Collier Ave Lake Elsinore, CA",190198000000,92530,18287+Collier+Ave+Lake+Elsinore+CA+92530,33.6890077,-117.342849
407,50% off,Out of Stock,"30340 Haun Rd Menifee, CA",190198000000,92584,30340+Haun+Rd+Menifee+CA+92584,33.6803456,-117.172245
408,50% off,Out of Stock,"3527 W Florida Ave Hemet, CA",190198000000,92545,3527+W+Florida+Ave+Hemet+CA+92545,33.7454368,-117.0089716
409,50% off,Out of Stock,"900 Spectrum Center Dr Irvine, CA",190198000000,92618,900+Spectrum+Center+Dr+Irvine+CA+92618,33.6490039,-117.7449429
410,50% off,Out of Stock,"3750 Barranca Pkwy Irvine, CA",190198000000,92606,3750+Barranca+Pkwy+Irvine+CA+92606,33.6855521,-117.8133747
411,50% off,Out of Stock,"2300 Park Ave Tustin, CA",190198000000,92782,2300+Park+Ave+Tustin+CA+92782,33.7002505,-117.8273109
412,50% off,Out of Stock,"13200 Jamboree Rd Irvine, CA",190198000000,92602,13200+Jamboree+Rd+Irvine+CA+92602,33.729572,-117.786582
413,25% off,Out of Stock,"4255 CAMPUS DR STE A150 Irvine, CA",190198000000,92612,4255+CAMPUS+DR+STE+A150+Irvine+CA+92612,33.649597,-117.8389272
414,50% off,Out of Stock,"25601 Jeronimo Rd Mission Viejo, CA",190198000000,92691,25601+Jeronimo+Rd+Mission+Viejo+CA+92691,33.6235791,-117.6807012
415,50% off,Out of Stock,"26762 Portola Pkwy Foothill Ranch, CA",190198000000,92610,26762+Portola+Pkwy+Foothill+Ranch+CA+92610,33.6762025,-117.6645687
416,50% off,Out of Stock,"24500 Alicia Pkwy Mission Viejo, CA",190198000000,92691,24500+Alicia+Pkwy+Mission+Viejo+CA+92691,33.6063136,-117.6880337
417,50% off,Out of Stock,"3300 S Bristol St Santa Ana, CA",190198000000,92704,3300+S+Bristol+St+Santa+Ana+CA+92704,33.7028562,-117.8877326
418,50% off,Out of Stock,"26932 La Paz Rd Aliso Viejo, CA",190198000000,92656,26932+La+Paz+Rd+Aliso+Viejo+CA+92656,33.5712832,-117.7053036
419,50% off,Out of Stock,"1330 E 17th St Santa Ana, CA",190198000000,92705,1330+E+17th+St+Santa+Ana+CA+92705,33.7590819,-117.850008
420,50% off,Out of Stock,"3030 Harbor Blvd Ste A Costa Mesa, CA",190198000000,92626,3030+Harbor+Blvd+Ste+A+Costa+Mesa+CA+92626,33.6820363,-117.9179472
421,25% off,Out of Stock,"2620 E Chapman Ave Orange, CA",190198000000,92869,2620+E+Chapman+Ave+Orange+CA+92869,33.78711,-117.8251898
422,50% off,Out of Stock,"1441 W 17th St Santa Ana, CA",190198000000,92706,1441+W+17th+St+Santa+Ana+CA+92706,33.7620089,-117.8880989
423,50% off,Out of Stock,"30602 Santa Margarita Pkwy Rancho Santa Margarita, CA",190198000000,92688,30602+Santa+Margarita+Pkwy+Rancho+Santa+Margarita+CA+92688,33.6415678,-117.5981909
424,50% off,Out of Stock,"9882 Adams Ave Huntington Beach, CA",190198000000,92646,9882+Adams+Ave+Huntington+Beach+CA+92646,33.6709728,-117.9562028
425,50% off,Out of Stock,"12100 Harbor Blvd Garden Grove, CA",190198000000,92840,12100+Harbor+Blvd+Garden+Grove+CA+92840,33.7870416,-117.9133662
426,50% off,Out of Stock,"13831 Brookhurst St Garden Grove, CA",190198000000,92843,13831+Brookhurst+St+Garden+Grove+CA+92843,33.7619773,-117.9565689
427,50% off,Out of Stock,"101 S Euclid St Anaheim, CA",190198000000,92802,101+S+Euclid+St+Anaheim+CA+92802,33.8312352,-117.9430234
428,50% off,Out of Stock,"200 W Orangethorpe Ave Fullerton, CA",190198000000,92832,200+W+Orangethorpe+Ave+Fullerton+CA+92832,33.858335,-117.926914
429,50% off,Out of Stock,"95 Holger Way San Jose, CA",190198000000,95134,95+Holger+Way+San+Jose+CA+95134,37.4181795,-121.9561986
430,50% off,Out of Stock,"245 S Mills Rd Ventura, CA",190198000000,93003,245+S+Mills+Rd+Ventura+CA+93003,34.2699821,-119.2490444
431,25% off,Out of Stock,"3891 State St Santa Barbara, CA",190198000000,93105,3891+State+St+Santa+Barbara+CA+93105,34.4401136,-119.7506709
432,50% off,Out of Stock,"1363 W Henderson Ave Porterville, CA",190198000000,93257,1363+W+Henderson+Ave+Porterville+CA+93257,36.0780683,-119.0472655
433,50% off,Out of Stock,"2195 E Prosperity Ave Tulare, CA",190198000000,93274,2195+E+Prosperity+Ave+Tulare+CA+93274,36.2242913,-119.3150082
434,50% off,Out of Stock,"4247 S Mooney Blvd Visalia, CA",190198000000,93277,4247+S+Mooney+Blvd+Visalia+CA+93277,36.292358,-119.31723
435,50% off,Out of Stock,"3308 N Dinuba Blvd Visalia, CA",190198000000,93291,3308+N+Dinuba+Blvd+Visalia+CA+93291,36.3591268,-119.2947214
436,50% off,Out of Stock,"140 N 12th Ave Hanford, CA",190198000000,93230,140+N+12th+Ave+Hanford+CA+93230,36.3238487,-119.676534
437,50% off,Out of Stock,"3401 Mall View Rd Bakersfield, CA",190198000000,93306,3401+Mall+View+Rd+Bakersfield+CA+93306,35.3940033,-118.9548659
438,50% off,Out of Stock,"9100 Rosedale Hwy Bakersfield, CA",190198000000,93312,9100+Rosedale+Hwy+Bakersfield+CA+93312,35.3855767,-119.1032602
439,50% off,Out of Stock,"11000 Stockdale Hwy Bakersfield, CA",190198000000,93311,11000+Stockdale+Hwy+Bakersfield+CA+93311,35.3503075,-119.1259632
440,50% off,Out of Stock,"2901 Ming Ave Bakersfield, CA",190198000000,93304,2901+Ming+Ave+Bakersfield+CA+93304,35.3366577,-119.0359914
441,50% off,Out of Stock,"900 Shaw Ave Clovis, CA",190198000000,93612,900+Shaw+Ave+Clovis+CA+93612,36.8065383,-119.6989832
442,50% off,Out of Stock,"3173 E Shields Ave Fresno, CA",190198000000,93726,3173+E+Shields+Ave+Fresno+CA+93726,36.7806605,-119.7710135
443,50% off,Out of Stock,"695 W Herndon Ave Clovis, CA",190198000000,93612,695+W+Herndon+Ave+Clovis+CA+93612,36.840321,-119.7282972
444,50% off,Out of Stock,"5740 N Blackstone Ave Fresno, CA",190198000000,93710,5740+N+Blackstone+Ave+Fresno+CA+93710,36.8216456,-119.7878394
445,50% off,Out of Stock,"7600 N Blackstone Ave Fresno, CA",190198000000,93720,7600+N+Blackstone+Ave+Fresno+CA+93720,36.8476233,-119.786573
446,50% off,Out of Stock,"3150 W Shaw Ave Fresno, CA",190198000000,93711,3150+W+Shaw+Ave+Fresno+CA+93711,36.8097282,-119.8478715
447,50% off,Out of Stock,"6655 North Riverside Dr Fresno, CA",190198000000,93722,6655+North+Riverside+Dr+Fresno+CA+93722,36.8340349,-119.9127934
448,50% off,Out of Stock,"2305 Theatre Dr Paso Robles, CA",190198000000,93446,2305+Theatre+Dr+Paso+Robles+CA+93446,35.5838933,-120.699003
449,50% off,Out of Stock,"3280 R St Merced, CA",190198000000,95348,3280+R+St+Merced+CA+95348,37.3229242,-120.4849041
450,50% off,Out of Stock,"43525 10th St W Lancaster, CA",190198000000,93534,43525+10th+St+W+Lancaster+CA+93534,34.6730537,-118.1490227
451,50% off,Out of Stock,"39440 10th St W Palmdale, CA",190198000000,93551,39440+10th+St+W+Palmdale+CA+93551,34.5998265,-118.1464629
452,25% off,Out of Stock,"38019 47Th St E Palmdale, CA",190198000000,93552,38019+47Th+St+E+Palmdale+CA+93552,34.5739367,-118.0484314
453,50% off,Limited Stock,"1790 Airline Hwy Hollister, CA",190198000000,95023,1790+Airline+Hwy+Hollister+CA+95023,36.8350241,-121.3893603
454,50% off,Out of Stock,"1000 Commerce Ave Atwater, CA",190198000000,95301,1000+Commerce+Ave+Atwater+CA+95301,37.3412305,-120.6113644
455,50% off,Out of Stock,"1405 W Pacheco Blvd Los Banos, CA",190198000000,93635,1405+W+Pacheco+Blvd+Los+Banos+CA+93635,37.0541809,-120.8759115
456,50% off,Out of Stock,"3000 Countryside Dr Turlock, CA",190198000000,95380,3000+Countryside+Dr+Turlock+CA+95380,37.5209419,-120.8784662
457,50% off,Out of Stock,"2425 Claribel Rd Riverbank, CA",190198000000,95367,2425+Claribel+Rd+Riverbank+CA+95367,37.7137916,-120.9526744
458,50% off,Out of Stock,"3405 Mchenry Ave Modesto, CA",190198000000,95350,3405+Mchenry+Ave+Modesto+CA+95350,37.68754,-120.9964148
459,50% off,Limited Stock,"533 Coleman Ave San Jose, CA",190198000000,95110,533+Coleman+Ave+San+Jose+CA+95110,37.3386461,-121.9044629
460,50% off,Limited Stock,"1811 Hillsdale Ave San Jose, CA",190198000000,95124,1811+Hillsdale+Ave+San+Jose+CA+95124,37.2651997,-121.9186829
461,50% off,Limited Stock,"2161 Monterey Hwy San Jose, CA",190198000000,95125,2161+Monterey+Hwy+San+Jose+CA+95125,37.304658,-121.8658675
462,50% off,Out of Stock,"1061 Cochrane Rd Morgan Hill, CA",190198000000,95037,1061+Cochrane+Rd+Morgan+Hill+CA+95037,37.1574777,-121.6545121
463,50% off,Out of Stock,"1640 N Main St Salinas, CA",190198000000,93906,1640+N+Main+St+Salinas+CA+93906,36.7146282,-121.652395
464,50% off,Out of Stock,"133 General Stilwell Dr Marina, CA",190198000000,93933,133+General+Stilwell+Dr+Marina+CA+93933,36.6676918,-121.81053
465,50% off,Out of Stock,"1415 Main St Watsonville, CA",190198000000,95076,1415+Main+St+Watsonville+CA+95076,36.9150924,-121.7741494
466,50% off,Out of Stock,"2040 California Ave Sand City, CA",190198000000,93955,2040+California+Ave+Sand+City+CA+93955,36.6211304,-121.8430953
467,50% off,Out of Stock,"1825 41st Ave Capitola, CA",190198000000,95010,1825+41st+Ave+Capitola+CA+95010,36.9751119,-121.9689521
468,50% off,Out of Stock,"5630 Cottle Rd San Jose, CA",190198000000,95123,5630+Cottle+Rd+San+Jose+CA+95123,37.2508588,-121.8026986
469,50% off,Out of Stock,"879 Blossom Hill Rd San Jose, CA",190198000000,95123,879+Blossom+Hill+Rd+San+Jose+CA+95123,37.2522609,-121.8604624
470,50% off,Out of Stock,"3155 Silver Creek Rd San Jose, CA",190198000000,95121,3155+Silver+Creek+Rd+San+Jose+CA+95121,37.3072818,-121.8133776
471,50% off,Out of Stock,"1600 Saratoga Ave San Jose, CA",190198000000,95129,1600+Saratoga+Ave+San+Jose+CA+95129,37.2923388,-121.9883897
472,50% off,Out of Stock,"1750 Story Rd San Jose, CA",190198000000,95122,1750+Story+Rd+San+Jose+CA+95122,37.3399108,-121.8400705
473,50% off,Out of Stock,"450 N Capitol Ave San Jose, CA",190198000000,95133,450+N+Capitol+Ave+San+Jose+CA+95133,37.374415,-121.8443408
474,50% off,Out of Stock,"20745 Stevens Creek Blvd Cupertino, CA",190198000000,95014,20745+Stevens+Creek+Blvd+Cupertino+CA+95014,37.3246114,-122.0359767
475,25% off,Out of Stock,"2004 El Camino Real Santa Clara, CA",190198000000,95050,2004+El+Camino+Real+Santa+Clara+CA+95050,37.3503277,-121.9610256
476,25% off,Out of Stock,"6705 Camino Arroyo Gilroy, CA",190198000000,95020,6705+Camino+Arroyo+Gilroy+CA+95020,37.0000471,-121.5547766
477,50% off,Limited Stock,"789 Mission St San Francisco, CA",190198000000,94103,789+Mission+St+San+Francisco+CA+94103,37.784404,-122.4038104
478,50% off,Out of Stock,"133 Serramonte Ctr Daly City, CA",190198000000,94015,133+Serramonte+Ctr+Daly+City+CA+94015,37.6704999,-122.471026
479,50% off,Out of Stock,"5001 Junipero Serra Blvd Colma, CA",190198000000,94014,5001+Junipero+Serra+Blvd+Colma+CA+94014,37.6738414,-122.4642387
480,50% off,Out of Stock,"1150 El Camino Real San Bruno, CA",190198000000,94066,1150+El+Camino+Real+San+Bruno+CA+94066,37.6363309,-122.4183544
481,50% off,Out of Stock,"2700 Fifth Street Alameda, CA",190198000000,94501,2700+Fifth+Street+Alameda+CA+94501,37.7886805,-122.2793895
482,50% off,Out of Stock,"2220 Bridgepointe Pkwy San Mateo, CA",190198000000,94404,2220+Bridgepointe+Pkwy+San+Mateo+CA+94404,37.5583305,-122.2835618
483,50% off,Out of Stock,"1555 40th Street Emeryville, CA",190198000000,94608,1555+40th+Street+Emeryville+CA+94608,37.8284592,-122.2899503
484,50% off,Out of Stock,"1057 Eastshore Hwy Albany, CA",190198000000,94710,1057+Eastshore+Hwy+Albany+CA+94710,37.8827713,-122.3066769
485,50% off,Out of Stock,"125 Shoreline Pkwy San Rafael, CA",190198000000,94901,125+Shoreline+Pkwy+San+Rafael+CA+94901,37.9555128,-122.4914782
486,50% off,Out of Stock,"4500 Macdonald Ave Richmond, CA",190198000000,94805,4500+Macdonald+Ave+Richmond+CA+94805,37.9322835,-122.3275806
487,50% off,Out of Stock,"15555 E 14th St San Leandro, CA",190198000000,94578,15555+E+14th+St+San+Leandro+CA+94578,37.700337,-122.1262352
488,50% off,Out of Stock,"19661 Hesperian Blvd Hayward, CA",190198000000,94541,19661+Hesperian+Blvd+Hayward+CA+94541,37.6662905,-122.1208433
489,50% off,Out of Stock,"2485 El Camino Real Redwood City, CA",190198000000,94063,2485+El+Camino+Real+Redwood+City+CA+94063,37.4755693,-122.2170808
490,25% off,Out of Stock,"233 Winston Dr San Francisco, CA",190198000000,94132,233+Winston+Dr+San+Francisco+CA+94132,37.7268095,-122.4762278
491,25% off,Out of Stock,"1830 Ocean Ave San Francisco, CA",190198000000,94112,1830+Ocean+Ave+San+Francisco+CA+94112,37.7252713,-122.461563
492,25% off,Out of Stock,"2675 Geary Blvd San Francisco, CA",190198000000,94118,2675+Geary+Blvd+San+Francisco+CA+94118,37.7821682,-122.4464584
493,25% off,Out of Stock,"225 Bush St San Francisco, CA",190198000000,94104,225+Bush+St+San+Francisco+CA+94104,37.7908857,-122.4012094
494,25% off,Out of Stock,"180 Donahue St Sausalito, CA",190198000000,94965,180+Donahue+St+Sausalito+CA+94965,37.873758,-122.5109307
495,25% off,Out of Stock,"1414 University Ave Berkeley, CA",190198000000,94702,1414+University+Ave+Berkeley+CA+94702,37.8697533,-122.2839527
496,25% off,Out of Stock,"2187 Shattuck Ave Berkeley, CA",190198000000,94704,2187+Shattuck+Ave+Berkeley+CA+94704,37.8696588,-122.2676042
497,50% off,Out of Stock,"298 W McKinley Ave Sunnyvale, CA",190198000000,94086,298+W+McKinley+Ave+Sunnyvale+CA+94086,37.3737368,-122.0324243
498,50% off,Out of Stock,"555 Showers Dr Mountain View, CA",190198000000,94040,555+Showers+Dr+Mountain+View+CA+94040,37.4010039,-122.1065727
499,50% off,Out of Stock,"2155 Morrill Ave San Jose, CA",190198000000,95132,2155+Morrill+Ave+San+Jose+CA+95132,37.41369,-121.8767183
500,50% off,Out of Stock,"43950 Pacific Commons Blvd Fremont, CA",190198000000,94538,43950+Pacific+Commons+Blvd+Fremont+CA+94538,37.501549,-121.9682845
501,50% off,Out of Stock,"39201 Fremont Blvd Fremont, CA",190198000000,94538,39201+Fremont+Blvd+Fremont+CA+94538,37.5452714,-121.9849849
502,25% off,Out of Stock,"19499 Stevens Creek Blvd Cupertino, CA",190198000000,95014,19499+Stevens+Creek+Blvd+Cupertino+CA+95014,37.3235994,-122.0115218
503,25% off,Out of Stock,"1775 E Bayshore Rd East Palo Alto, CA",190198000000,94303,1775+E+Bayshore+Rd+East+Palo+Alto+CA+94303,37.4599154,-122.135484
504,50% off,Out of Stock,"1400 Fitzgerald Dr Pinole, CA",190198000000,94564,1400+Fitzgerald+Dr+Pinole+CA+94564,37.9875748,-122.3091572
505,50% off,Limited Stock,"2800 Naglee Rd Tracy, CA",190198000000,95304,2800+Naglee+Rd+Tracy+CA+95304,37.757638,-121.4579373
506,50% off,Out of Stock,"5769 Lone Tree Way Antioch, CA",190198000000,94531,5769+Lone+Tree+Way+Antioch+CA+94531,37.9645497,-121.737713
507,50% off,Out of Stock,"560 Contra Costa Blvd Pleasant Hill, CA",190198000000,94523,560+Contra+Costa+Blvd+Pleasant+Hill+CA+94523,37.9772731,-122.0672323
508,50% off,Out of Stock,"1871 N Main St Walnut Creek, CA",190198000000,94596,1871+N+Main+St+Walnut+Creek+CA+94596,37.9044618,-122.0647464
509,50% off,Out of Stock,"2610 Bishop Dr San Ramon, CA",190198000000,94583,2610+Bishop+Dr+San+Ramon+CA+94583,37.7621464,-121.9641968
510,50% off,Out of Stock,"2800 Dublin Blvd Dublin, CA",190198000000,94568,2800+Dublin+Blvd+Dublin+CA+94568,37.702983,-121.8536969
511,50% off,Out of Stock,"4300 Las Positas Rd Livermore, CA",190198000000,94551,4300+Las+Positas+Rd+Livermore+CA+94551,37.7012898,-121.7467955
512,50% off,Out of Stock,"7200 Amador Plaza Rd Dublin, CA",190198000000,94568,7200+Amador+Plaza+Rd+Dublin+CA+94568,37.7067423,-121.931845
513,50% off,Out of Stock,"2059 Cadenasso Dr Fairfield, CA",190198000000,94533,2059+Cadenasso+Dr+Fairfield+CA+94533,38.2465116,-122.0690503
514,50% off,Out of Stock,"904 Admiral Callaghan Lane Vallejo, CA",190198000000,94591,904+Admiral+Callaghan+Lane+Vallejo+CA+94591,38.1316646,-122.2226661
515,50% off,Out of Stock,"10424 Trinity Parkway Stockton, CA",190198000000,95219,10424+Trinity+Parkway+Stockton+CA+95219,38.052106,-121.3722097
516,50% off,Out of Stock,"3000 Harbison Dr Vacaville, CA",190198000000,95687,3000+Harbison+Dr+Vacaville+CA+95687,38.3609841,-121.9612372
517,50% off,Out of Stock,"4707 Pacific Ave Stockton, CA",190198000000,95207,4707+Pacific+Ave+Stockton+CA+95207,37.9916498,-121.3152112
518,25% off,Out of Stock,"4301 Century Blvd Pittsburg, CA",190198000000,94565,4301+Century+Blvd+Pittsburg+CA+94565,38.0081826,-121.8400705
519,50% off,In Stock,"2005 Town Center Plz West Sacramento, CA",190198000000,95691,2005+Town+Center+Plz+West+Sacramento+CA+95691,38.5492602,-121.5364651
520,50% off,Out of Stock,"205 Soscol Ave Napa, CA",190198000000,94559,205+Soscol+Ave+Napa+CA+94559,38.2822477,-122.2776174
521,50% off,Out of Stock,"4000 Bel Aire Plz Napa, CA",190198000000,94558,4000+Bel+Aire+Plz+Napa+CA+94558,38.322582,-122.3080942
522,50% off,Out of Stock,"4601 2nd St Davis, CA",190198000000,95618,4601+2nd+St+Davis+CA+95618,38.5541592,-121.6997725
523,50% off,Out of Stock,"200 Vintage Way Novato, CA",190198000000,94945,200+Vintage+Way+Novato+CA+94945,38.0903861,-122.5530063
524,50% off,Out of Stock,"401 Kenilworth Drive Petaluma, CA",190198000000,94952,401+Kenilworth+Drive+Petaluma+CA+94952,38.2435237,-122.6266079
525,50% off,Out of Stock,"2185 Bronze Star Dr Woodland, CA",190198000000,95776,2185+Bronze+Star+Dr+Woodland+CA+95776,38.6727067,-121.7248895
526,50% off,Out of Stock,"2499 Whipple Rd Hayward, CA",190198000000,94544,2499+Whipple+Rd+Hayward+CA+94544,37.6075002,-122.0622605
527,50% off,Out of Stock,"2355 W Kettleman Ln Lodi, CA",190198000000,95242,2355+W+Kettleman+Ln+Lodi+CA+95242,38.1175008,-121.3035821
528,50% off,Out of Stock,"16858 Golden Valley Pkwy Lathrop, CA",190198000000,95330,16858+Golden+Valley+Pkwy+Lathrop+CA+95330,37.8079986,-121.2985764
529,50% off,Out of Stock,"280 Spreckels Ave Manteca, CA",190198000000,95336,280+Spreckels+Ave+Manteca+CA+95336,37.7944428,-121.196629
530,50% off,Out of Stock,"3900 Sisk Rd Modesto, CA",190198000000,95356,3900+Sisk+Rd+Modesto+CA+95356,37.6941758,-121.063882
531,50% off,Out of Stock,"7505 Laguna Blvd Elk Grove, CA",190198000000,95758,7505+Laguna+Blvd+Elk+Grove+CA+95758,38.4268025,-121.4157958
532,50% off,Out of Stock,"8101 Cosumnes River Blvd Sacramento, CA",190198000000,95823,8101+Cosumnes+River+Blvd+Sacramento+CA+95823,38.4590469,-121.4132484
533,50% off,Out of Stock,"6507 4th Ave Sacramento, CA",190198000000,95817,6507+4th+Ave+Sacramento+CA+95817,38.5495441,-121.4255447
534,50% off,Out of Stock,"950 Coddingtown Center Santa Rosa, CA",190198000000,95401,950+Coddingtown+Center+Santa+Rosa+CA+95401,38.4566509,-122.729505
535,50% off,Out of Stock,"1980 Santa Rosa Ave Santa Rosa, CA",190198000000,95407,1980+Santa+Rosa+Ave+Santa+Rosa+CA+95407,38.417287,-122.7087842
536,50% off,Out of Stock,"475 Rohnert Park Expy W Rohnert Park, CA",190198000000,94928,475+Rohnert+Park+Expy+W+Rohnert+Park+CA+94928,38.3461728,-122.7204316
537,50% off,Limited Stock,"3601 N Freeway Blvd Sacramento, CA",190198000000,95834,3601+N+Freeway+Blvd+Sacramento+CA+95834,38.6414409,-121.4985973
538,50% off,Out of Stock,"2505 Riverside Blvd Sacramento, CA",190198000000,95818,2505+Riverside+Blvd+Sacramento+CA+95818,38.5622853,-121.496851
539,50% off,Out of Stock,"1919 Fulton Ave Sacramento, CA",190198000000,95825,1919+Fulton+Ave+Sacramento+CA+95825,38.6010507,-121.4031147
540,50% off,Out of Stock,"10881 Olson Dr Rancho Cordova, CA",190198000000,95670,10881+Olson+Dr+Rancho+Cordova+CA+95670,38.5966143,-121.2857312
541,50% off,Out of Stock,"5837 Sunrise Blvd Citrus Heights, CA",190198000000,95610,5837+Sunrise+Blvd+Citrus+Heights+CA+95610,38.6725516,-121.2746178
542,50% off,Out of Stock,"430 Blue Ravine Rd Folsom, CA",190198000000,95630,430+Blue+Ravine+Rd+Folsom+CA+95630,38.6718623,-121.1526034
543,50% off,Out of Stock,"4400 Town Center Blvd El Dorado Hills, CA",190198000000,95762,4400+Town+Center+Blvd+El+Dorado+Hills+CA+95762,38.6504141,-121.0618752
544,50% off,Out of Stock,"1925 Douglas Blvd Roseville, CA",190198000000,95661,1925+Douglas+Blvd+Roseville+CA+95661,38.7461199,-121.2542312
545,50% off,Out of Stock,"10451 Fairway Dr Roseville, CA",190198000000,95678,10451+Fairway+Dr+Roseville+CA+95678,38.7917848,-121.2906531
546,50% off,Out of Stock,"5104 Commons Dr Rocklin, CA",190198000000,95677,5104+Commons+Dr+Rocklin+CA+95677,38.80445,-121.2091536
547,25% off,Out of Stock,"5001 Madison Ave Sacramento, CA",190198000000,95841,5001+Madison+Ave+Sacramento+CA+95841,38.6621453,-121.3486235
548,50% off,Out of Stock,"950 Groveland Ln Lincoln, CA",190198000000,95648,950+Groveland+Ln+Lincoln+CA+95648,38.8699549,-121.3042972
549,50% off,Out of Stock,"2700 Bell Rd Auburn, CA",190198000000,95603,2700+Bell+Rd+Auburn+CA+95603,38.9430384,-121.0953101
550,50% off,Out of Stock,"1153 Butte House Rd Yuba City, CA",190198000000,95991,1153+Butte+House+Rd+Yuba+City+CA+95991,39.1460905,-121.6320534
