,price_off,quantity,sku,store_address,zip_code
0,75% off,In Stock, 600104275 ,8400 Coral WayMiami FL,33155
1,75% off,In Stock, 600104275 ,19501 Nw 27Th AveMiami Gardens FL,33056
2,75% off,In Stock, 600104275 ,1800 South University DriveMiramar FL,33025
3,15% off,In Stock, 600104275 ,8651 Nw 13Th TerDoral FL,33126
4,15% off,In Stock, 600104275 ,9300 Nw 77Th AveHialeah FL,33016
5,15% off,In Stock, 600104275 ,3200 Nw 79Th StreetMiami FL,33147
6,15% off,In Stock, 600104275 ,5851 Nw 177Th StHialeah FL,33015
7,15% off,In Stock, 600104275 ,17650 Nw 2Nd AveMiami Gardens FL,33169
8,15% off,In Stock, 600104275 ,301 S State Road 7Hollywood FL,33023
9,75% off,Limited Stock, 600104275 ,12800 Pines BlvdPembroke Pines FL,33027
10,75% off,Out of Stock, 600104275 ,9191 W. Flagler StMiami FL,33174
11,75% off,Out of Stock, 600104275 ,15885 Sw 88Th StKendall FL,33196
12,15% off,Out of Stock, 600104275 ,1425 Ne 163Rd StNorth Miami Beach FL,33162
13,75% off,In Stock, 600104275 ,8400 Coral WayMiami FL,33155
14,75% off,In Stock, 600104275 ,19501 Nw 27Th AveMiami Gardens FL,33056
15,75% off,In Stock, 600104275 ,1800 South University DriveMiramar FL,33025
16,15% off,In Stock, 600104275 ,8651 Nw 13Th TerDoral FL,33126
17,15% off,In Stock, 600104275 ,9300 Nw 77Th AveHialeah FL,33016
18,15% off,In Stock, 600104275 ,3200 Nw 79Th StreetMiami FL,33147
19,15% off,In Stock, 600104275 ,5851 Nw 177Th StHialeah FL,33015
20,15% off,In Stock, 600104275 ,17650 Nw 2Nd AveMiami Gardens FL,33169
21,15% off,In Stock, 600104275 ,301 S State Road 7Hollywood FL,33023
22,75% off,Limited Stock, 600104275 ,12800 Pines BlvdPembroke Pines FL,33027
23,75% off,Out of Stock, 600104275 ,9191 W. Flagler StMiami FL,33174
24,75% off,Out of Stock, 600104275 ,15885 Sw 88Th StKendall FL,33196
25,15% off,Out of Stock, 600104275 ,1425 Ne 163Rd StNorth Miami Beach FL,33162
26,75% off,In Stock, 600104275 ,8400 Coral WayMiami FL,33155
27,75% off,In Stock, 600104275 ,19501 Nw 27Th AveMiami Gardens FL,33056
28,75% off,In Stock, 600104275 ,1800 South University DriveMiramar FL,33025
29,15% off,In Stock, 600104275 ,8651 Nw 13Th TerDoral FL,33126
30,15% off,In Stock, 600104275 ,9300 Nw 77Th AveHialeah FL,33016
31,15% off,In Stock, 600104275 ,3200 Nw 79Th StreetMiami FL,33147
32,15% off,In Stock, 600104275 ,5851 Nw 177Th StHialeah FL,33015
33,15% off,In Stock, 600104275 ,17650 Nw 2Nd AveMiami Gardens FL,33169
34,15% off,In Stock, 600104275 ,301 S State Road 7Hollywood FL,33023
35,75% off,Limited Stock, 600104275 ,12800 Pines BlvdPembroke Pines FL,33027
36,75% off,Out of Stock, 600104275 ,9191 W. Flagler StMiami FL,33174
37,75% off,Out of Stock, 600104275 ,15885 Sw 88Th StKendall FL,33196
38,15% off,Out of Stock, 600104275 ,1425 Ne 163Rd StNorth Miami Beach FL,33162
39,75% off,In Stock, 600104275 ,8400 Coral WayMiami FL,33155
40,75% off,In Stock, 600104275 ,19501 Nw 27Th AveMiami Gardens FL,33056
41,75% off,In Stock, 600104275 ,1800 South University DriveMiramar FL,33025
42,15% off,In Stock, 600104275 ,8651 Nw 13Th TerDoral FL,33126
43,15% off,In Stock, 600104275 ,9300 Nw 77Th AveHialeah FL,33016
44,15% off,In Stock, 600104275 ,3200 Nw 79Th StreetMiami FL,33147
45,15% off,In Stock, 600104275 ,5851 Nw 177Th StHialeah FL,33015
46,15% off,In Stock, 600104275 ,17650 Nw 2Nd AveMiami Gardens FL,33169
47,15% off,In Stock, 600104275 ,301 S State Road 7Hollywood FL,33023
48,75% off,Limited Stock, 600104275 ,12800 Pines BlvdPembroke Pines FL,33027
49,75% off,Out of Stock, 600104275 ,9191 W. Flagler StMiami FL,33174
50,75% off,Out of Stock, 600104275 ,15885 Sw 88Th StKendall FL,33196
51,15% off,Out of Stock, 600104275 ,1425 Ne 163Rd StNorth Miami Beach FL,33162
52,75% off,In Stock, 600104275 ,8400 Coral WayMiami FL,33155
53,75% off,In Stock, 600104275 ,19501 Nw 27Th AveMiami Gardens FL,33056
54,75% off,In Stock, 600104275 ,1800 South University DriveMiramar FL,33025
55,15% off,In Stock, 600104275 ,8651 Nw 13Th TerDoral FL,33126
56,15% off,In Stock, 600104275 ,9300 Nw 77Th AveHialeah FL,33016
57,15% off,In Stock, 600104275 ,3200 Nw 79Th StreetMiami FL,33147
58,15% off,In Stock, 600104275 ,5851 Nw 177Th StHialeah FL,33015
59,15% off,In Stock, 600104275 ,17650 Nw 2Nd AveMiami Gardens FL,33169
60,15% off,In Stock, 600104275 ,301 S State Road 7Hollywood FL,33023
61,75% off,Limited Stock, 600104275 ,12800 Pines BlvdPembroke Pines FL,33027
62,75% off,Out of Stock, 600104275 ,9191 W. Flagler StMiami FL,33174
63,75% off,Out of Stock, 600104275 ,15885 Sw 88Th StKendall FL,33196
64,15% off,Out of Stock, 600104275 ,1425 Ne 163Rd StNorth Miami Beach FL,33162
65,75% off,In Stock, 600104275 ,8400 Coral WayMiami FL,33155
66,75% off,In Stock, 600104275 ,19501 Nw 27Th AveMiami Gardens FL,33056
67,75% off,In Stock, 600104275 ,1800 South University DriveMiramar FL,33025
68,15% off,In Stock, 600104275 ,8651 Nw 13Th TerDoral FL,33126
69,15% off,In Stock, 600104275 ,9300 Nw 77Th AveHialeah FL,33016
70,15% off,In Stock, 600104275 ,3200 Nw 79Th StreetMiami FL,33147
71,15% off,In Stock, 600104275 ,5851 Nw 177Th StHialeah FL,33015
72,15% off,In Stock, 600104275 ,17650 Nw 2Nd AveMiami Gardens FL,33169
73,15% off,In Stock, 600104275 ,301 S State Road 7Hollywood FL,33023
74,75% off,Limited Stock, 600104275 ,12800 Pines BlvdPembroke Pines FL,33027
75,75% off,Out of Stock, 600104275 ,9191 W. Flagler StMiami FL,33174
76,75% off,Out of Stock, 600104275 ,15885 Sw 88Th StKendall FL,33196
77,15% off,Out of Stock, 600104275 ,1425 Ne 163Rd StNorth Miami Beach FL,33162
78,75% off,In Stock, 600104275 ,8400 Coral WayMiami FL,33155
79,75% off,In Stock, 600104275 ,19501 Nw 27Th AveMiami Gardens FL,33056
80,75% off,In Stock, 600104275 ,1800 South University DriveMiramar FL,33025
81,15% off,In Stock, 600104275 ,8651 Nw 13Th TerDoral FL,33126
82,15% off,In Stock, 600104275 ,9300 Nw 77Th AveHialeah FL,33016
83,15% off,In Stock, 600104275 ,3200 Nw 79Th StreetMiami FL,33147
84,15% off,In Stock, 600104275 ,5851 Nw 177Th StHialeah FL,33015
85,15% off,In Stock, 600104275 ,17650 Nw 2Nd AveMiami Gardens FL,33169
86,15% off,In Stock, 600104275 ,301 S State Road 7Hollywood FL,33023
87,75% off,Limited Stock, 600104275 ,12800 Pines BlvdPembroke Pines FL,33027
88,75% off,Out of Stock, 600104275 ,9191 W. Flagler StMiami FL,33174
89,75% off,Out of Stock, 600104275 ,15885 Sw 88Th StKendall FL,33196
90,15% off,Out of Stock, 600104275 ,1425 Ne 163Rd StNorth Miami Beach FL,33162
91,75% off,In Stock, 600104275 ,8400 Coral WayMiami FL,33155
92,75% off,In Stock, 600104275 ,19501 Nw 27Th AveMiami Gardens FL,33056
93,75% off,In Stock, 600104275 ,1800 South University DriveMiramar FL,33025
94,15% off,In Stock, 600104275 ,8651 Nw 13Th TerDoral FL,33126
95,15% off,In Stock, 600104275 ,9300 Nw 77Th AveHialeah FL,33016
96,15% off,In Stock, 600104275 ,3200 Nw 79Th StreetMiami FL,33147
97,15% off,In Stock, 600104275 ,5851 Nw 177Th StHialeah FL,33015
98,15% off,In Stock, 600104275 ,17650 Nw 2Nd AveMiami Gardens FL,33169
99,15% off,In Stock, 600104275 ,301 S State Road 7Hollywood FL,33023
100,75% off,Limited Stock, 600104275 ,12800 Pines BlvdPembroke Pines FL,33027
101,75% off,Out of Stock, 600104275 ,9191 W. Flagler StMiami FL,33174
102,75% off,Out of Stock, 600104275 ,15885 Sw 88Th StKendall FL,33196
103,15% off,Out of Stock, 600104275 ,1425 Ne 163Rd StNorth Miami Beach FL,33162
104,75% off,In Stock, 600104275 ,8400 Coral WayMiami FL,33155
105,75% off,In Stock, 600104275 ,19501 Nw 27Th AveMiami Gardens FL,33056
106,75% off,In Stock, 600104275 ,1800 South University DriveMiramar FL,33025
107,15% off,In Stock, 600104275 ,8651 Nw 13Th TerDoral FL,33126
108,15% off,In Stock, 600104275 ,9300 Nw 77Th AveHialeah FL,33016
109,15% off,In Stock, 600104275 ,3200 Nw 79Th StreetMiami FL,33147
110,15% off,In Stock, 600104275 ,5851 Nw 177Th StHialeah FL,33015
111,15% off,In Stock, 600104275 ,17650 Nw 2Nd AveMiami Gardens FL,33169
112,15% off,In Stock, 600104275 ,301 S State Road 7Hollywood FL,33023
113,75% off,Limited Stock, 600104275 ,12800 Pines BlvdPembroke Pines FL,33027
114,75% off,Out of Stock, 600104275 ,9191 W. Flagler StMiami FL,33174
115,75% off,Out of Stock, 600104275 ,15885 Sw 88Th StKendall FL,33196
116,15% off,Out of Stock, 600104275 ,1425 Ne 163Rd StNorth Miami Beach FL,33162
117,75% off,In Stock, 600104275 ,8400 Coral WayMiami FL,33155
118,75% off,In Stock, 600104275 ,19501 Nw 27Th AveMiami Gardens FL,33056
119,75% off,In Stock, 600104275 ,1800 South University DriveMiramar FL,33025
120,15% off,In Stock, 600104275 ,8651 Nw 13Th TerDoral FL,33126
121,15% off,In Stock, 600104275 ,9300 Nw 77Th AveHialeah FL,33016
122,15% off,In Stock, 600104275 ,3200 Nw 79Th StreetMiami FL,33147
123,15% off,In Stock, 600104275 ,5851 Nw 177Th StHialeah FL,33015
124,15% off,In Stock, 600104275 ,17650 Nw 2Nd AveMiami Gardens FL,33169
125,15% off,In Stock, 600104275 ,301 S State Road 7Hollywood FL,33023
126,75% off,Limited Stock, 600104275 ,12800 Pines BlvdPembroke Pines FL,33027
127,75% off,Out of Stock, 600104275 ,9191 W. Flagler StMiami FL,33174
128,75% off,Out of Stock, 600104275 ,15885 Sw 88Th StKendall FL,33196
129,15% off,Out of Stock, 600104275 ,1425 Ne 163Rd StNorth Miami Beach FL,33162
130,76% off,In Stock, 625412161 ,209 Lakeshore PkwyHomewood AL,35209
131,76% off,In Stock, 625412161 ,9248 Parkway EBirmingham AL,35206
132,76% off,In Stock, 625412161 ,890 Odum RdGardendale AL,35071
133,76% off,In Stock, 625412161 ,5335 Highway 280Birmingham AL,35242
134,76% off,Limited Stock, 625412161 ,2780 John Hawkins PkwyHoover AL,35244
135,76% off,In Stock, 625412161 ,8551 Whitfield AveLeeds AL,35094
136,76% off,Limited Stock, 625412161 ,630 Colonial Promenade PkwyAlabaster AL,35007
137,76% off,Out of Stock, 625412161 ,2181 Pelham PkwyPelham AL,35124
138,76% off,Out of Stock, 625412161 ,5919 Trussville Crossings PkwyBirmingham AL,35235
139,53% off,Out of Stock, 625412161 ,16077 Highway 280Chelsea AL,35043
140,6% off,Out of Stock, 625412161 ,2473 Hackworth RdBirmingham AL,35214
141,76% off,In Stock, 625412161 ,209 Lakeshore PkwyHomewood AL,35209
142,76% off,In Stock, 625412161 ,9248 Parkway EBirmingham AL,35206
143,76% off,In Stock, 625412161 ,890 Odum RdGardendale AL,35071
144,76% off,In Stock, 625412161 ,5335 Highway 280Birmingham AL,35242
145,76% off,Limited Stock, 625412161 ,2780 John Hawkins PkwyHoover AL,35244
146,76% off,In Stock, 625412161 ,8551 Whitfield AveLeeds AL,35094
147,76% off,Limited Stock, 625412161 ,630 Colonial Promenade PkwyAlabaster AL,35007
148,76% off,Out of Stock, 625412161 ,2181 Pelham PkwyPelham AL,35124
149,76% off,Out of Stock, 625412161 ,5919 Trussville Crossings PkwyBirmingham AL,35235
150,53% off,Out of Stock, 625412161 ,16077 Highway 280Chelsea AL,35043
151,6% off,Out of Stock, 625412161 ,2473 Hackworth RdBirmingham AL,35214
152,76% off,In Stock, 625412161 ,209 Lakeshore PkwyHomewood AL,35209
153,76% off,In Stock, 625412161 ,9248 Parkway EBirmingham AL,35206
154,76% off,In Stock, 625412161 ,890 Odum RdGardendale AL,35071
155,76% off,In Stock, 625412161 ,5335 Highway 280Birmingham AL,35242
156,76% off,Limited Stock, 625412161 ,2780 John Hawkins PkwyHoover AL,35244
157,76% off,In Stock, 625412161 ,8551 Whitfield AveLeeds AL,35094
158,76% off,Limited Stock, 625412161 ,630 Colonial Promenade PkwyAlabaster AL,35007
159,76% off,Out of Stock, 625412161 ,2181 Pelham PkwyPelham AL,35124
160,76% off,Out of Stock, 625412161 ,5919 Trussville Crossings PkwyBirmingham AL,35235
161,53% off,Out of Stock, 625412161 ,16077 Highway 280Chelsea AL,35043
162,6% off,Out of Stock, 625412161 ,2473 Hackworth RdBirmingham AL,35214
163,76% off,In Stock, 625412161 ,209 Lakeshore PkwyHomewood AL,35209
164,76% off,In Stock, 625412161 ,9248 Parkway EBirmingham AL,35206
165,76% off,In Stock, 625412161 ,890 Odum RdGardendale AL,35071
166,76% off,In Stock, 625412161 ,5335 Highway 280Birmingham AL,35242
167,76% off,Limited Stock, 625412161 ,2780 John Hawkins PkwyHoover AL,35244
168,76% off,In Stock, 625412161 ,8551 Whitfield AveLeeds AL,35094
169,76% off,Limited Stock, 625412161 ,630 Colonial Promenade PkwyAlabaster AL,35007
170,76% off,Out of Stock, 625412161 ,2181 Pelham PkwyPelham AL,35124
171,76% off,Out of Stock, 625412161 ,5919 Trussville Crossings PkwyBirmingham AL,35235
172,53% off,Out of Stock, 625412161 ,16077 Highway 280Chelsea AL,35043
173,6% off,Out of Stock, 625412161 ,2473 Hackworth RdBirmingham AL,35214
174,76% off,In Stock, 625412161 ,209 Lakeshore PkwyHomewood AL,35209
175,76% off,In Stock, 625412161 ,9248 Parkway EBirmingham AL,35206
176,76% off,In Stock, 625412161 ,890 Odum RdGardendale AL,35071
177,76% off,In Stock, 625412161 ,5335 Highway 280Birmingham AL,35242
178,76% off,Limited Stock, 625412161 ,2780 John Hawkins PkwyHoover AL,35244
179,76% off,In Stock, 625412161 ,8551 Whitfield AveLeeds AL,35094
180,76% off,Limited Stock, 625412161 ,630 Colonial Promenade PkwyAlabaster AL,35007
181,76% off,Out of Stock, 625412161 ,2181 Pelham PkwyPelham AL,35124
182,76% off,Out of Stock, 625412161 ,5919 Trussville Crossings PkwyBirmingham AL,35235
183,53% off,Out of Stock, 625412161 ,16077 Highway 280Chelsea AL,35043
184,6% off,Out of Stock, 625412161 ,2473 Hackworth RdBirmingham AL,35214
185,76% off,In Stock, 625412161 ,209 Lakeshore PkwyHomewood AL,35209
186,76% off,In Stock, 625412161 ,9248 Parkway EBirmingham AL,35206
187,76% off,In Stock, 625412161 ,890 Odum RdGardendale AL,35071
188,76% off,In Stock, 625412161 ,5335 Highway 280Birmingham AL,35242
189,76% off,Limited Stock, 625412161 ,2780 John Hawkins PkwyHoover AL,35244
190,76% off,In Stock, 625412161 ,8551 Whitfield AveLeeds AL,35094
191,76% off,Limited Stock, 625412161 ,630 Colonial Promenade PkwyAlabaster AL,35007
192,76% off,Out of Stock, 625412161 ,2181 Pelham PkwyPelham AL,35124
193,76% off,Out of Stock, 625412161 ,5919 Trussville Crossings PkwyBirmingham AL,35235
194,53% off,Out of Stock, 625412161 ,16077 Highway 280Chelsea AL,35043
195,6% off,Out of Stock, 625412161 ,2473 Hackworth RdBirmingham AL,35214
196,76% off,In Stock, 625412161 ,209 Lakeshore PkwyHomewood AL,35209
197,76% off,In Stock, 625412161 ,9248 Parkway EBirmingham AL,35206
198,76% off,In Stock, 625412161 ,890 Odum RdGardendale AL,35071
199,76% off,In Stock, 625412161 ,5335 Highway 280Birmingham AL,35242
200,76% off,Limited Stock, 625412161 ,2780 John Hawkins PkwyHoover AL,35244
201,76% off,In Stock, 625412161 ,8551 Whitfield AveLeeds AL,35094
202,76% off,Limited Stock, 625412161 ,630 Colonial Promenade PkwyAlabaster AL,35007
203,76% off,Out of Stock, 625412161 ,2181 Pelham PkwyPelham AL,35124
204,76% off,Out of Stock, 625412161 ,5919 Trussville Crossings PkwyBirmingham AL,35235
205,53% off,Out of Stock, 625412161 ,16077 Highway 280Chelsea AL,35043
206,6% off,Out of Stock, 625412161 ,2473 Hackworth RdBirmingham AL,35214
207,76% off,In Stock, 625412161 ,209 Lakeshore PkwyHomewood AL,35209
208,76% off,In Stock, 625412161 ,9248 Parkway EBirmingham AL,35206
209,76% off,In Stock, 625412161 ,890 Odum RdGardendale AL,35071
210,76% off,In Stock, 625412161 ,5335 Highway 280Birmingham AL,35242
211,76% off,Limited Stock, 625412161 ,2780 John Hawkins PkwyHoover AL,35244
212,76% off,In Stock, 625412161 ,8551 Whitfield AveLeeds AL,35094
213,76% off,Limited Stock, 625412161 ,630 Colonial Promenade PkwyAlabaster AL,35007
214,76% off,Out of Stock, 625412161 ,2181 Pelham PkwyPelham AL,35124
215,76% off,Out of Stock, 625412161 ,5919 Trussville Crossings PkwyBirmingham AL,35235
216,53% off,Out of Stock, 625412161 ,16077 Highway 280Chelsea AL,35043
217,6% off,Out of Stock, 625412161 ,2473 Hackworth RdBirmingham AL,35214
218,76% off,In Stock, 625412161 ,209 Lakeshore PkwyHomewood AL,35209
219,76% off,In Stock, 625412161 ,9248 Parkway EBirmingham AL,35206
220,76% off,In Stock, 625412161 ,890 Odum RdGardendale AL,35071
221,76% off,In Stock, 625412161 ,5335 Highway 280Birmingham AL,35242
222,76% off,Limited Stock, 625412161 ,2780 John Hawkins PkwyHoover AL,35244
223,76% off,In Stock, 625412161 ,8551 Whitfield AveLeeds AL,35094
224,76% off,Limited Stock, 625412161 ,630 Colonial Promenade PkwyAlabaster AL,35007
225,76% off,Out of Stock, 625412161 ,2181 Pelham PkwyPelham AL,35124
226,76% off,Out of Stock, 625412161 ,5919 Trussville Crossings PkwyBirmingham AL,35235
227,53% off,Out of Stock, 625412161 ,16077 Highway 280Chelsea AL,35043
228,6% off,Out of Stock, 625412161 ,2473 Hackworth RdBirmingham AL,35214
229,76% off,In Stock, 625412161 ,209 Lakeshore PkwyHomewood AL,35209
230,76% off,In Stock, 625412161 ,9248 Parkway EBirmingham AL,35206
231,76% off,In Stock, 625412161 ,890 Odum RdGardendale AL,35071
232,76% off,In Stock, 625412161 ,5335 Highway 280Birmingham AL,35242
233,76% off,Limited Stock, 625412161 ,2780 John Hawkins PkwyHoover AL,35244
234,76% off,In Stock, 625412161 ,8551 Whitfield AveLeeds AL,35094
235,76% off,Limited Stock, 625412161 ,630 Colonial Promenade PkwyAlabaster AL,35007
236,76% off,Out of Stock, 625412161 ,2181 Pelham PkwyPelham AL,35124
237,76% off,Out of Stock, 625412161 ,5919 Trussville Crossings PkwyBirmingham AL,35235
238,53% off,Out of Stock, 625412161 ,16077 Highway 280Chelsea AL,35043
239,6% off,Out of Stock, 625412161 ,2473 Hackworth RdBirmingham AL,35214
240,75% off,In Stock, 600104275 ,2100 N Long Beach BlvdCompton CA,90221
241,75% off,In Stock, 600104275 ,14501 Lakewood BlvdParamount CA,90723
242,75% off,In Stock, 600104275 ,13310 Telegraph RdSanta Fe Springs CA,90670
243,15% off,In Stock, 600104275 ,9001 Apollo WayDowney CA,90242
244,15% off,In Stock, 600104275 ,8500 Washington BlvdPico Rivera CA,90660
245,15% off,In Stock, 600104275 ,19503 Normandie AveTorrance CA,90501
246,15% off,In Stock, 600104275 ,1827 Walnut Grove AveRosemead CA,91770
247,15% off,Limited Stock, 600104275 ,2770 Carson StLakewood CA,90712
248,15% off,In Stock, 600104275 ,7250 Carson BlvdLong Beach CA,90808
249,75% off,Out of Stock, 600104275 ,4651 Firestone BlvdSouth Gate CA,90280
250,75% off,Out of Stock, 600104275 ,3705 E. South StreetLong Beach CA,90805
251,75% off,Out of Stock, 600104275 ,12701 Towne Center DrCerritos CA,90703
252,15% off,Out of Stock, 600104275 ,22015 Hawthorne BlvdTorrance CA,90503
253,15% off,Out of Stock, 600104275 ,1301 N Victory PlBurbank CA,91502
254,75% off,In Stock, 600104275 ,2100 N Long Beach BlvdCompton CA,90221
255,75% off,In Stock, 600104275 ,14501 Lakewood BlvdParamount CA,90723
256,75% off,In Stock, 600104275 ,13310 Telegraph RdSanta Fe Springs CA,90670
257,15% off,In Stock, 600104275 ,9001 Apollo WayDowney CA,90242
258,15% off,In Stock, 600104275 ,8500 Washington BlvdPico Rivera CA,90660
259,15% off,In Stock, 600104275 ,19503 Normandie AveTorrance CA,90501
260,15% off,In Stock, 600104275 ,1827 Walnut Grove AveRosemead CA,91770
261,15% off,Limited Stock, 600104275 ,2770 Carson StLakewood CA,90712
262,15% off,In Stock, 600104275 ,7250 Carson BlvdLong Beach CA,90808
263,75% off,Out of Stock, 600104275 ,4651 Firestone BlvdSouth Gate CA,90280
264,75% off,Out of Stock, 600104275 ,3705 E. South StreetLong Beach CA,90805
265,75% off,Out of Stock, 600104275 ,12701 Towne Center DrCerritos CA,90703
266,15% off,Out of Stock, 600104275 ,22015 Hawthorne BlvdTorrance CA,90503
267,15% off,Out of Stock, 600104275 ,1301 N Victory PlBurbank CA,91502
268,75% off,In Stock, 600104275 ,2100 N Long Beach BlvdCompton CA,90221
269,75% off,In Stock, 600104275 ,14501 Lakewood BlvdParamount CA,90723
270,75% off,In Stock, 600104275 ,13310 Telegraph RdSanta Fe Springs CA,90670
271,15% off,In Stock, 600104275 ,9001 Apollo WayDowney CA,90242
272,15% off,In Stock, 600104275 ,8500 Washington BlvdPico Rivera CA,90660
273,15% off,In Stock, 600104275 ,19503 Normandie AveTorrance CA,90501
274,15% off,In Stock, 600104275 ,1827 Walnut Grove AveRosemead CA,91770
275,15% off,Limited Stock, 600104275 ,2770 Carson StLakewood CA,90712
276,15% off,In Stock, 600104275 ,7250 Carson BlvdLong Beach CA,90808
277,75% off,Out of Stock, 600104275 ,4651 Firestone BlvdSouth Gate CA,90280
278,75% off,Out of Stock, 600104275 ,3705 E. South StreetLong Beach CA,90805
279,75% off,Out of Stock, 600104275 ,12701 Towne Center DrCerritos CA,90703
280,15% off,Out of Stock, 600104275 ,22015 Hawthorne BlvdTorrance CA,90503
281,15% off,Out of Stock, 600104275 ,1301 N Victory PlBurbank CA,91502
282,75% off,In Stock, 600104275 ,2100 N Long Beach BlvdCompton CA,90221
283,75% off,In Stock, 600104275 ,14501 Lakewood BlvdParamount CA,90723
284,75% off,In Stock, 600104275 ,13310 Telegraph RdSanta Fe Springs CA,90670
285,15% off,In Stock, 600104275 ,9001 Apollo WayDowney CA,90242
286,15% off,In Stock, 600104275 ,8500 Washington BlvdPico Rivera CA,90660
287,15% off,In Stock, 600104275 ,19503 Normandie AveTorrance CA,90501
288,15% off,In Stock, 600104275 ,1827 Walnut Grove AveRosemead CA,91770
289,15% off,Limited Stock, 600104275 ,2770 Carson StLakewood CA,90712
290,15% off,In Stock, 600104275 ,7250 Carson BlvdLong Beach CA,90808
291,75% off,Out of Stock, 600104275 ,4651 Firestone BlvdSouth Gate CA,90280
292,75% off,Out of Stock, 600104275 ,3705 E. South StreetLong Beach CA,90805
293,75% off,Out of Stock, 600104275 ,12701 Towne Center DrCerritos CA,90703
294,15% off,Out of Stock, 600104275 ,22015 Hawthorne BlvdTorrance CA,90503
295,15% off,Out of Stock, 600104275 ,1301 N Victory PlBurbank CA,91502
296,75% off,In Stock, 600104275 ,2100 N Long Beach BlvdCompton CA,90221
297,75% off,In Stock, 600104275 ,14501 Lakewood BlvdParamount CA,90723
298,75% off,In Stock, 600104275 ,13310 Telegraph RdSanta Fe Springs CA,90670
299,15% off,In Stock, 600104275 ,9001 Apollo WayDowney CA,90242
300,15% off,In Stock, 600104275 ,8500 Washington BlvdPico Rivera CA,90660
301,15% off,In Stock, 600104275 ,19503 Normandie AveTorrance CA,90501
302,15% off,In Stock, 600104275 ,1827 Walnut Grove AveRosemead CA,91770
303,15% off,Limited Stock, 600104275 ,2770 Carson StLakewood CA,90712
304,15% off,In Stock, 600104275 ,7250 Carson BlvdLong Beach CA,90808
305,75% off,Out of Stock, 600104275 ,4651 Firestone BlvdSouth Gate CA,90280
306,75% off,Out of Stock, 600104275 ,3705 E. South StreetLong Beach CA,90805
307,75% off,Out of Stock, 600104275 ,12701 Towne Center DrCerritos CA,90703
308,15% off,Out of Stock, 600104275 ,22015 Hawthorne BlvdTorrance CA,90503
309,15% off,Out of Stock, 600104275 ,1301 N Victory PlBurbank CA,91502
310,75% off,In Stock, 600104275 ,2100 N Long Beach BlvdCompton CA,90221
311,75% off,In Stock, 600104275 ,14501 Lakewood BlvdParamount CA,90723
312,75% off,In Stock, 600104275 ,13310 Telegraph RdSanta Fe Springs CA,90670
313,15% off,In Stock, 600104275 ,9001 Apollo WayDowney CA,90242
314,15% off,In Stock, 600104275 ,8500 Washington BlvdPico Rivera CA,90660
315,15% off,In Stock, 600104275 ,19503 Normandie AveTorrance CA,90501
316,15% off,In Stock, 600104275 ,1827 Walnut Grove AveRosemead CA,91770
317,15% off,Limited Stock, 600104275 ,2770 Carson StLakewood CA,90712
318,15% off,In Stock, 600104275 ,7250 Carson BlvdLong Beach CA,90808
319,75% off,Out of Stock, 600104275 ,4651 Firestone BlvdSouth Gate CA,90280
320,75% off,Out of Stock, 600104275 ,3705 E. South StreetLong Beach CA,90805
321,75% off,Out of Stock, 600104275 ,12701 Towne Center DrCerritos CA,90703
322,15% off,Out of Stock, 600104275 ,22015 Hawthorne BlvdTorrance CA,90503
323,15% off,Out of Stock, 600104275 ,1301 N Victory PlBurbank CA,91502
324,75% off,In Stock, 600104275 ,2100 N Long Beach BlvdCompton CA,90221
325,75% off,In Stock, 600104275 ,14501 Lakewood BlvdParamount CA,90723
326,75% off,In Stock, 600104275 ,13310 Telegraph RdSanta Fe Springs CA,90670
327,15% off,In Stock, 600104275 ,9001 Apollo WayDowney CA,90242
328,15% off,In Stock, 600104275 ,8500 Washington BlvdPico Rivera CA,90660
329,15% off,In Stock, 600104275 ,19503 Normandie AveTorrance CA,90501
330,15% off,In Stock, 600104275 ,1827 Walnut Grove AveRosemead CA,91770
331,15% off,Limited Stock, 600104275 ,2770 Carson StLakewood CA,90712
332,15% off,In Stock, 600104275 ,7250 Carson BlvdLong Beach CA,90808
333,75% off,Out of Stock, 600104275 ,4651 Firestone BlvdSouth Gate CA,90280
334,75% off,Out of Stock, 600104275 ,3705 E. South StreetLong Beach CA,90805
335,75% off,Out of Stock, 600104275 ,12701 Towne Center DrCerritos CA,90703
336,15% off,Out of Stock, 600104275 ,22015 Hawthorne BlvdTorrance CA,90503
337,15% off,Out of Stock, 600104275 ,1301 N Victory PlBurbank CA,91502
338,75% off,In Stock, 600104275 ,2100 N Long Beach BlvdCompton CA,90221
339,75% off,In Stock, 600104275 ,14501 Lakewood BlvdParamount CA,90723
340,75% off,In Stock, 600104275 ,13310 Telegraph RdSanta Fe Springs CA,90670
341,15% off,In Stock, 600104275 ,9001 Apollo WayDowney CA,90242
342,15% off,In Stock, 600104275 ,8500 Washington BlvdPico Rivera CA,90660
343,15% off,In Stock, 600104275 ,19503 Normandie AveTorrance CA,90501
344,15% off,In Stock, 600104275 ,1827 Walnut Grove AveRosemead CA,91770
345,15% off,Limited Stock, 600104275 ,2770 Carson StLakewood CA,90712
346,15% off,In Stock, 600104275 ,7250 Carson BlvdLong Beach CA,90808
347,75% off,Out of Stock, 600104275 ,4651 Firestone BlvdSouth Gate CA,90280
348,75% off,Out of Stock, 600104275 ,3705 E. South StreetLong Beach CA,90805
349,75% off,Out of Stock, 600104275 ,12701 Towne Center DrCerritos CA,90703
350,15% off,Out of Stock, 600104275 ,22015 Hawthorne BlvdTorrance CA,90503
351,15% off,Out of Stock, 600104275 ,1301 N Victory PlBurbank CA,91502
352,75% off,In Stock, 600104275 ,2100 N Long Beach BlvdCompton CA,90221
353,75% off,In Stock, 600104275 ,14501 Lakewood BlvdParamount CA,90723
354,75% off,In Stock, 600104275 ,13310 Telegraph RdSanta Fe Springs CA,90670
355,15% off,In Stock, 600104275 ,9001 Apollo WayDowney CA,90242
356,15% off,In Stock, 600104275 ,8500 Washington BlvdPico Rivera CA,90660
357,15% off,In Stock, 600104275 ,19503 Normandie AveTorrance CA,90501
358,15% off,In Stock, 600104275 ,1827 Walnut Grove AveRosemead CA,91770
359,15% off,Limited Stock, 600104275 ,2770 Carson StLakewood CA,90712
360,15% off,In Stock, 600104275 ,7250 Carson BlvdLong Beach CA,90808
361,75% off,Out of Stock, 600104275 ,4651 Firestone BlvdSouth Gate CA,90280
362,75% off,Out of Stock, 600104275 ,3705 E. South StreetLong Beach CA,90805
363,75% off,Out of Stock, 600104275 ,12701 Towne Center DrCerritos CA,90703
364,15% off,Out of Stock, 600104275 ,22015 Hawthorne BlvdTorrance CA,90503
365,15% off,Out of Stock, 600104275 ,1301 N Victory PlBurbank CA,91502
366,75% off,In Stock, 600104275 ,2100 N Long Beach BlvdCompton CA,90221
367,75% off,In Stock, 600104275 ,14501 Lakewood BlvdParamount CA,90723
368,75% off,In Stock, 600104275 ,13310 Telegraph RdSanta Fe Springs CA,90670
369,15% off,In Stock, 600104275 ,9001 Apollo WayDowney CA,90242
370,15% off,In Stock, 600104275 ,8500 Washington BlvdPico Rivera CA,90660
371,15% off,In Stock, 600104275 ,19503 Normandie AveTorrance CA,90501
372,15% off,In Stock, 600104275 ,1827 Walnut Grove AveRosemead CA,91770
373,15% off,Limited Stock, 600104275 ,2770 Carson StLakewood CA,90712
374,15% off,In Stock, 600104275 ,7250 Carson BlvdLong Beach CA,90808
375,75% off,Out of Stock, 600104275 ,4651 Firestone BlvdSouth Gate CA,90280
376,75% off,Out of Stock, 600104275 ,3705 E. South StreetLong Beach CA,90805
377,75% off,Out of Stock, 600104275 ,12701 Towne Center DrCerritos CA,90703
378,15% off,Out of Stock, 600104275 ,22015 Hawthorne BlvdTorrance CA,90503
379,15% off,Out of Stock, 600104275 ,1301 N Victory PlBurbank CA,91502
