0,76% off,In Stock,625412161,209 Lakeshore PkwyHomewood AL,35209
1,76% off,In Stock,625412161,9248 Parkway EBirmingham AL,35206
2,76% off,In Stock,625412161,890 Odum RdGardendale AL,35071
3,76% off,In Stock,625412161,5335 Highway 280Birmingham AL,35242
4,76% off,Limited Stock,625412161,2780 John Hawkins PkwyHoover AL,35244
5,76% off,In Stock,625412161,8551 Whitfield AveLeeds AL,35094
6,76% off,Limited Stock,625412161,630 Colonial Promenade PkwyAlabaster AL,35007
7,76% off,Out of Stock,625412161,2181 Pelham PkwyPelham AL,35124
8,76% off,Out of Stock,625412161,5919 Trussville Crossings PkwyBirmingham AL,35235
9,53% off,Out of Stock,625412161,16077 Highway 280Chelsea AL,35043
10,6% off,Out of Stock,625412161,2473 Hackworth RdBirmingham AL,35214
11,76% off,In Stock,625412161,8580 Hwy 72 WMadison AL,35758
12,76% off,In Stock,625412161,3031 Memorial Pkwy SwHuntsville AL,35801
13,76% off,Limited Stock,625412161,5601 Highway 157Cullman AL,35058
14,53% off,In Stock,625412161,8650 Madison BlvdMadison AL,35758
15,53% off,Limited Stock,625412161,6140A Univ DriveHuntsville AL,35806
16,53% off,Out of Stock,625412161,330 Sutton Rd SeOwens Cross Roads AL,35763
17,76% off,In Stock,625412161,101 E I65 Service Rd SMobile AL,36606
18,76% off,Limited Stock,625412161,1095 Industrial PkwySaraland AL,36571
19,76% off,Limited Stock,625412161,685 Schillinger Rd SMobile AL,36695
20,76% off,In Stock,625412161,2200 S Mckenzie StFoley AL,36535
21,76% off,In Stock,625412161,4253 Denny AvePascagoula MS,39581
22,76% off,Out of Stock,625412161,5245 Rangeline Service Rd SMobile AL,36619
23,76% off,Out of Stock,625412161,10040 County Road 48Fairhope AL,36532
24,76% off,In Stock,625412161,145 Kelley BlvdMillbrook AL,36054
25,76% off,Limited Stock,625412161,1903 Cobbs Ford RdPrattville AL,36066
26,53% off,In Stock,625412161,10710 Chantilly PkwyMontgomery AL,36117
27,76% off,Limited Stock,625412161,1717 S College StAuburn AL,36832
28,76% off,Out of Stock,625412161,6495 Atlanta HwyMontgomery AL,36117
29,76% off,Out of Stock,625412161,4538 Us Highway 231Wetumpka AL,36092
30,53% off,Out of Stock,625412161,2643 Highway 280Alexander City AL,35010
31,53% off,In Stock,625412161,3101 A StAnchorage AK,99503
32,53% off,In Stock,625412161,7405 Debarr RoadAnchorage AK,99504
33,53% off,Limited Stock,625412161,1350 S Seward Meridian PkwyWasilla AK,99654
34,53% off,Out of Stock,625412161,10096 Kenai Spur HwyKenai AK,99611
35,76% off,In Stock,625412161,1175 S Arizona AveChandler AZ,85286
36,76% off,In Stock,625412161,1955 S Stapley DrMesa AZ,85204
37,76% off,In Stock,625412161,800 E Southern AveTempe AZ,85282
38,76% off,In Stock,625412161,1710 S Greenfield RdMesa AZ,85206
39,76% off,In Stock,625412161,6131 E Southern AveMesa AZ,85206
40,76% off,Limited Stock,625412161,857 N Dobson RdMesa AZ,85201
41,76% off,Limited Stock,625412161,4505 E Mckellips RdMesa AZ,85215
42,29% off,Out of Stock,625412161,2750 E Germann RdChandler AZ,85286
43,29% off,Out of Stock,625412161,5290 S Power RdGilbert AZ,85295
44,6% off,Out of Stock,625412161,800 W Warner RdChandler AZ,85225
45,76% off,Out of Stock,625412161,2750 S Woodlands Village BlvdFlagstaff AZ,86001
46,76% off,Out of Stock,625412161,3450 N Glassford Hill RdPrescott Valley AZ,86314
47,76% off,Out of Stock,625412161,3050 E State Route 69Prescott AZ,86301
48,53% off,Out of Stock,625412161,1280 Gail Gardner WayPrescott AZ,86305
49,76% off,In Stock,625412161,1955 S Stapley DrMesa AZ,85204
50,76% off,In Stock,625412161,1710 S Greenfield RdMesa AZ,85206
51,76% off,In Stock,625412161,6131 E Southern AveMesa AZ,85206
52,76% off,In Stock,625412161,1175 S Arizona AveChandler AZ,85286
53,76% off,In Stock,625412161,21055 E Rittenhouse RdQueen Creek AZ,85142
54,76% off,In Stock,625412161,800 E Southern AveTempe AZ,85282
55,76% off,Limited Stock,625412161,4505 E Mckellips RdMesa AZ,85215
56,76% off,Limited Stock,625412161,857 N Dobson RdMesa AZ,85201
57,29% off,Out of Stock,625412161,5290 S Power RdGilbert AZ,85295
58,29% off,Out of Stock,625412161,2750 E Germann RdChandler AZ,85286
59,6% off,Out of Stock,625412161,800 W Warner RdChandler AZ,85225
60,6% off,Out of Stock,625412161,1606 S Signal Butte RdMesa AZ,85209
61,76% off,In Stock,625412161,7975 W Peoria AvePeoria AZ,85345
62,76% off,In Stock,625412161,5010 N 95Th AveGlendale AZ,85305
63,76% off,In Stock,625412161,18551 N 83Rd AveGlendale AZ,85308
64,76% off,In Stock,625412161,21655 N Lake Pleasant PkwyPeoria AZ,85382
65,76% off,Limited Stock,625412161,6145 N 35Th AvePhoenix AZ,85017
66,29% off,In Stock,625412161,1607 W Bethany Home RdPhoenix AZ,85015
67,76% off,Out of Stock,625412161,9600 N Metro Pkwy WPhoenix AZ,85051
68,76% off,Out of Stock,625412161,2501 W Happy Valley Rd Ste 34Phoenix AZ,85085
69,29% off,Out of Stock,625412161,5605 W Northern AveGlendale AZ,85301
70,29% off,Out of Stock,625412161,5845 W Bell RdGlendale AZ,85308
71,76% off,In Stock,625412161,1955 S Stapley DrMesa AZ,85204
72,76% off,In Stock,625412161,800 E Southern AveTempe AZ,85282
73,76% off,Limited Stock,625412161,857 N Dobson RdMesa AZ,85201
74,76% off,In Stock,625412161,1710 S Greenfield RdMesa AZ,85206
75,76% off,In Stock,625412161,6131 E Southern AveMesa AZ,85206
76,76% off,In Stock,625412161,1175 S Arizona AveChandler AZ,85286
77,76% off,Limited Stock,625412161,4505 E Mckellips RdMesa AZ,85215
78,53% off,Out of Stock,625412161,3721 E Thomas RdPhoenix AZ,85018
79,6% off,Out of Stock,625412161,800 W Warner RdChandler AZ,85225
80,76% off,In Stock,625412161,7975 W Peoria AvePeoria AZ,85345
81,76% off,In Stock,625412161,18551 N 83Rd AveGlendale AZ,85308
82,76% off,In Stock,625412161,21655 N Lake Pleasant PkwyPeoria AZ,85382
83,76% off,In Stock,625412161,5010 N 95Th AveGlendale AZ,85305
84,76% off,In Stock,625412161,13770 W Bell RdSurprise AZ,85374
85,76% off,Limited Stock,625412161,6145 N 35Th AvePhoenix AZ,85017
86,29% off,In Stock,625412161,1607 W Bethany Home RdPhoenix AZ,85015
87,76% off,Out of Stock,625412161,9600 N Metro Pkwy WPhoenix AZ,85051
88,76% off,Out of Stock,625412161,2501 W Happy Valley Rd Ste 34Phoenix AZ,85085
89,29% off,Out of Stock,625412161,5845 W Bell RdGlendale AZ,85308
90,29% off,Out of Stock,625412161,5605 W Northern AveGlendale AZ,85301
91,76% off,In Stock,625412161,800 E Southern AveTempe AZ,85282
92,76% off,In Stock,625412161,1955 S Stapley DrMesa AZ,85204
93,76% off,Limited Stock,625412161,857 N Dobson RdMesa AZ,85201
94,76% off,Limited Stock,625412161,6145 N 35Th AvePhoenix AZ,85017
95,29% off,In Stock,625412161,1607 W Bethany Home RdPhoenix AZ,85015
96,53% off,Out of Stock,625412161,3721 E Thomas RdPhoenix AZ,85018
97,6% off,Out of Stock,625412161,800 W Warner RdChandler AZ,85225
98,76% off,In Stock,625412161,800 E Southern AveTempe AZ,85282
99,76% off,In Stock,625412161,1955 S Stapley DrMesa AZ,85204
100,76% off,In Stock,625412161,4617 E Bell RdPhoenix AZ,85032
101,76% off,Limited Stock,625412161,857 N Dobson RdMesa AZ,85201
102,76% off,Limited Stock,625412161,4505 E Mckellips RdMesa AZ,85215
103,76% off,Limited Stock,625412161,6145 N 35Th AvePhoenix AZ,85017
104,29% off,In Stock,625412161,1607 W Bethany Home RdPhoenix AZ,85015
105,53% off,Out of Stock,625412161,3721 E Thomas RdPhoenix AZ,85018
106,53% off,Out of Stock,625412161,15355 N Northsight BlvdScottsdale AZ,85260
107,6% off,Out of Stock,625412161,800 W Warner RdChandler AZ,85225
108,76% off,In Stock,625412161,800 E Southern AveTempe AZ,85282
109,76% off,In Stock,625412161,1955 S Stapley DrMesa AZ,85204
110,76% off,In Stock,625412161,1175 S Arizona AveChandler AZ,85286
111,76% off,Limited Stock,625412161,857 N Dobson RdMesa AZ,85201
112,76% off,In Stock,625412161,1710 S Greenfield RdMesa AZ,85206
113,76% off,Limited Stock,625412161,4505 E Mckellips RdMesa AZ,85215
114,53% off,Out of Stock,625412161,3721 E Thomas RdPhoenix AZ,85018
115,29% off,Out of Stock,625412161,2750 E Germann RdChandler AZ,85286
116,6% off,Out of Stock,625412161,800 W Warner RdChandler AZ,85225
117,76% off,In Stock,625412161,7635 No. La Cholla BTucson AZ,85741
118,76% off,Limited Stock,625412161,3435 East Broadway BlvdTucson AZ,85716
119,76% off,Limited Stock,625412161,7150 E Speedway BlvdTucson AZ,85710
120,76% off,Limited Stock,625412161,8280 N Cortaro RdTucson AZ,85743
121,76% off,In Stock,625412161,500 N Highway 90 BypSierra Vista AZ,85635
122,53% off,Out of Stock,625412161,1260 East Tucson Marketplace BTucson AZ,85713
123,6% off,Out of Stock,625412161,1650 W Valencia RdTucson AZ,85746
124,6% off,Out of Stock,625412161,18680 S Nogales HwyGreen Valley AZ,85614
125,53% off,In Stock,625412161,2540 Rockwood AveCalexico CA,92231
126,53% off,Limited Stock,625412161,250 Wildcat DrBrawley CA,92227
127,76% off,Out of Stock,625412161,2900 S Pacific AveYuma AZ,85365
128,53% off,Out of Stock,625412161,2150 N Waterman AveEl Centro CA,92243
129,76% off,In Stock,625412161,3919 No. Mall AveFayetteville AR,72703
130,53% off,In Stock,625412161,4208 Pleasant Crossing BlvdRogers AR,72758
131,76% off,Out of Stock,625412161,4870 Elm Springs RoadSpringdale AR,72762
132,76% off,Out of Stock,625412161,2875 W Mrtn Luther KFayetteville AR,72704
133,76% off,Out of Stock,625412161,2110 W Walnut StRogers AR,72756
134,53% off,Out of Stock,625412161,406 S Walton BlvdBentonville AR,72712
135,53% off,Out of Stock,625412161,2901 Highway 412 ESiloam Springs AR,72761
136,76% off,Limited Stock,625412161,8301 Rogers AveFort Smith AR,72903
137,76% off,Out of Stock,625412161,2875 W Mrtn Luther KFayetteville AR,72704
138,29% off,Out of Stock,625412161,2425 South Zero StFort Smith AR,72901
139,76% off,In Stock,625412161,304 S Rockwood DrCabot AR,72023
140,76% off,In Stock,625412161,1155 Hwy 65 NorthConway AR,72032
141,76% off,Out of Stock,625412161,17309 Interstate 30 SBenton AR,72015
142,53% off,Out of Stock,625412161,3900 Dave Ward DrConway AR,72034
143,76% off,In Stock,625412161,3919 No. Mall AveFayetteville AR,72703
144,53% off,In Stock,625412161,4208 Pleasant Crossing BlvdRogers AR,72758
145,76% off,Out of Stock,625412161,4870 Elm Springs RoadSpringdale AR,72762
146,76% off,Out of Stock,625412161,2875 W Mrtn Luther KFayetteville AR,72704
147,76% off,Out of Stock,625412161,2110 W Walnut StRogers AR,72756
148,53% off,Out of Stock,625412161,406 S Walton BlvdBentonville AR,72712
149,53% off,Out of Stock,625412161,2901 Highway 412 ESiloam Springs AR,72761
0,76% off,In Stock,,209 Lakeshore PkwyHomewood AL 35209 ,
1,76% off,In Stock,,9248 Parkway EBirmingham AL 35206 ,
2,76% off,In Stock,,890 Odum RdGardendale AL 35071 ,
3,76% off,In Stock,,5335 Highway 280Birmingham AL 35242 ,
4,76% off,Limited Stock,,2780 John Hawkins PkwyHoover AL 35244 ,
5,76% off,In Stock,,8551 Whitfield AveLeeds AL 35094 ,
6,76% off,Limited Stock,,630 Colonial Promenade PkwyAlabaster AL 35007 ,
7,76% off,Out of Stock,,2181 Pelham PkwyPelham AL 35124 ,
8,76% off,Out of Stock,,5919 Trussville Crossings PkwyBirmingham AL 35235 ,
9,53% off,Out of Stock,,16077 Highway 280Chelsea AL 35043 ,
10,6% off,Out of Stock,,2473 Hackworth RdBirmingham AL 35214 ,
